Record Length,2.500000e+03,,   0.000002790000,   0.06000,
Sample Interval,1.000000e-09,,   0.000002791000,   0.08000,
Trigger Point,-2.790000000000e+03,,   0.000002792000,   0.06000,
,,,   0.000002793000,   0.08000,
,,,   0.000002794000,   0.06000,
,,,   0.000002795000,   0.08000,
Source,CH1,,   0.000002796000,   0.08000,
Vertical Units,V,,   0.000002797000,   0.04000,
Vertical Scale,5.000000e-01,,   0.000002798000,   0.04000,
Vertical Offset,-1.680000e+00,,   0.000002799000,   0.06000,
Horizontal Units,s,,   0.000002800000,   0.06000,
Horizontal Scale,2.500000e-07,,   0.000002801000,   0.02000,
Pt Fmt,Y,,   0.000002802000,   0.04000,
Yzero,0.000000e+00,,   0.000002803000,   0.08000,
Probe Atten,1.000000e+01,,   0.000002804000,   0.06000,
Model Number,TDS1002B,,   0.000002805000,   0.02000,
Serial Number,C030480,,   0.000002806000,   0.04000,
Firmware Version,FV:v22.13,,   0.000002807000,   0.04000,
,,,0.000002808000,   0.02000,
,,,0.000002809000,   0.04000,
,,,0.000002810000,   0.02000,
,,,0.000002811000,   0.06000,
,,,0.000002812000,   0.06000,
,,,0.000002813000,   0.06000,
,,,0.000002814000,   0.04000,
,,,0.000002815000,   0.06000,
,,,0.000002816000,   0.06000,
,,,0.000002817000,   0.06000,
,,,0.000002818000,   0.04000,
,,,0.000002819000,   0.04000,
,,,0.000002820000,   0.02000,
,,,0.000002821000,   0.02000,
,,,0.000002822000,   0.02000,
,,,0.000002823000,   0.06000,
,,,0.000002824000,   0.00000,
,,,0.000002825000,   0.06000,
,,,0.000002826000,   0.04000,
,,,0.000002827000,   0.02000,
,,,0.000002828000,   0.06000,
,,,0.000002829000,   0.04000,
,,,0.000002830000,   0.04000,
,,,0.000002831000,   0.04000,
,,,0.000002832000,   0.04000,
,,,0.000002833000,   0.04000,
,,,0.000002834000,   0.04000,
,,,0.000002835000,   0.04000,
,,,0.000002836000,   0.00000,
,,,0.000002837000,   0.06000,
,,,0.000002838000,   0.04000,
,,,0.000002839000,   0.04000,
,,,0.000002840000,   0.04000,
,,,0.000002841000,   0.04000,
,,,0.000002842000,   0.02000,
,,,0.000002843000,   0.02000,
,,,0.000002844000,   0.06000,
,,,0.000002845000,   0.08000,
,,,0.000002846000,   0.04000,
,,,0.000002847000,   0.04000,
,,,0.000002848000,   0.02000,
,,,0.000002849000,   0.06000,
,,,0.000002850000,   0.06000,
,,,0.000002851000,   0.04000,
,,,0.000002852000,   0.04000,
,,,0.000002853000,   0.04000,
,,,0.000002854000,   0.06000,
,,,0.000002855000,   0.04000,
,,,0.000002856000,   0.04000,
,,,0.000002857000,   0.02000,
,,,0.000002858000,   0.00000,
,,,0.000002859000,   0.02000,
,,,0.000002860000,   0.02000,
,,,0.000002861000,   0.06000,
,,,0.000002862000,   0.04000,
,,,0.000002863000,   0.04000,
,,,0.000002864000,   0.02000,
,,,0.000002865000,   0.04000,
,,,0.000002866000,   0.02000,
,,,0.000002867000,   0.02000,
,,,0.000002868000,   0.04000,
,,,0.000002869000,   0.04000,
,,,0.000002870000,   0.02000,
,,,0.000002871000,   0.04000,
,,,0.000002872000,   0.04000,
,,,0.000002873000,   0.06000,
,,,0.000002874000,   0.04000,
,,,0.000002875000,   0.00000,
,,,0.000002876000,   0.02000,
,,,0.000002877000,   0.04000,
,,,0.000002878000,   0.06000,
,,,0.000002879000,   0.04000,
,,,0.000002880000,   0.04000,
,,,0.000002881000,   0.04000,
,,,0.000002882000,   0.06000,
,,,0.000002883000,   0.06000,
,,,0.000002884000,   0.04000,
,,,0.000002885000,   0.02000,
,,,0.000002886000,   0.02000,
,,,0.000002887000,   0.02000,
,,,0.000002888000,   0.02000,
,,,0.000002889000,   0.04000,
,,,0.000002890000,   0.04000,
,,,0.000002891000,   0.04000,
,,,0.000002892000,   0.08000,
,,,0.000002893000,   0.04000,
,,,0.000002894000,   0.06000,
,,,0.000002895000,   0.06000,
,,,0.000002896000,   0.04000,
,,,0.000002897000,   0.04000,
,,,0.000002898000,   0.06000,
,,,0.000002899000,   0.06000,
,,,0.000002900000,   0.04000,
,,,0.000002901000,   0.04000,
,,,0.000002902000,   0.06000,
,,,0.000002903000,   0.04000,
,,,0.000002904000,   0.04000,
,,,0.000002905000,   0.02000,
,,,0.000002906000,   0.04000,
,,,0.000002907000,   0.04000,
,,,0.000002908000,   0.04000,
,,,0.000002909000,   0.04000,
,,,0.000002910000,   0.08000,
,,,0.000002911000,   0.06000,
,,,0.000002912000,   0.02000,
,,,0.000002913000,   0.04000,
,,,0.000002914000,   0.06000,
,,,0.000002915000,   0.04000,
,,,0.000002916000,   0.02000,
,,,0.000002917000,   0.04000,
,,,0.000002918000,   0.02000,
,,,0.000002919000,   0.04000,
,,,0.000002920000,   0.04000,
,,,0.000002921000,   0.02000,
,,,0.000002922000,   0.04000,
,,,0.000002923000,   0.02000,
,,,0.000002924000,   0.06000,
,,,0.000002925000,   0.04000,
,,,0.000002926000,   0.02000,
,,,0.000002927000,   0.06000,
,,,0.000002928000,   0.04000,
,,,0.000002929000,   0.06000,
,,,0.000002930000,   0.04000,
,,,0.000002931000,   0.04000,
,,,0.000002932000,   0.06000,
,,,0.000002933000,   0.06000,
,,,0.000002934000,   0.06000,
,,,0.000002935000,   0.02000,
,,,0.000002936000,   0.06000,
,,,0.000002937000,   0.04000,
,,,0.000002938000,   0.04000,
,,,0.000002939000,   0.04000,
,,,0.000002940000,   0.04000,
,,,0.000002941000,   0.04000,
,,,0.000002942000,   0.04000,
,,,0.000002943000,   0.08000,
,,,0.000002944000,   0.06000,
,,,0.000002945000,   0.06000,
,,,0.000002946000,   0.04000,
,,,0.000002947000,   0.04000,
,,,0.000002948000,   0.06000,
,,,0.000002949000,   0.08000,
,,,0.000002950000,   0.06000,
,,,0.000002951000,   0.04000,
,,,0.000002952000,   0.04000,
,,,0.000002953000,   0.06000,
,,,0.000002954000,   0.04000,
,,,0.000002955000,   0.02000,
,,,0.000002956000,   0.00000,
,,,0.000002957000,   0.02000,
,,,0.000002958000,   0.02000,
,,,0.000002959000,   0.02000,
,,,0.000002960000,   0.06000,
,,,0.000002961000,   0.06000,
,,,0.000002962000,   0.04000,
,,,0.000002963000,   0.04000,
,,,0.000002964000,   0.06000,
,,,0.000002965000,   0.04000,
,,,0.000002966000,   0.04000,
,,,0.000002967000,   0.04000,
,,,0.000002968000,   0.06000,
,,,0.000002969000,   0.04000,
,,,0.000002970000,   0.04000,
,,,0.000002971000,   0.04000,
,,,0.000002972000,   0.06000,
,,,0.000002973000,   0.06000,
,,,0.000002974000,   0.00000,
,,,0.000002975000,   0.02000,
,,,0.000002976000,   0.06000,
,,,0.000002977000,   0.04000,
,,,0.000002978000,   0.02000,
,,,0.000002979000,   0.06000,
,,,0.000002980000,   0.04000,
,,,0.000002981000,   0.04000,
,,,0.000002982000,   0.06000,
,,,0.000002983000,   0.04000,
,,,0.000002984000,   0.02000,
,,,0.000002985000,   0.04000,
,,,0.000002986000,   0.04000,
,,,0.000002987000,   0.06000,
,,,0.000002988000,   0.06000,
,,,0.000002989000,   0.12000,
,,,0.000002990000,   0.16000,
,,,0.000002991000,   0.30000,
,,,0.000002992000,   0.44000,
,,,0.000002993000,   0.62000,
,,,0.000002994000,   0.76000,
,,,0.000002995000,   0.92000,
,,,0.000002996000,   1.06000,
,,,0.000002997000,   1.18000,
,,,0.000002998000,   1.24000,
,,,0.000002999000,   1.32000,
,,,0.000003000000,   1.38000,
,,,0.000003001000,   1.44000,
,,,0.000003002000,   1.48000,
,,,0.000003003000,   1.56000,
,,,0.000003004000,   1.66000,
,,,0.000003005000,   1.72000,
,,,0.000003006000,   1.82000,
,,,0.000003007000,   1.90000,
,,,0.000003008000,   1.96000,
,,,0.000003009000,   2.06000,
,,,0.000003010000,   2.10000,
,,,0.000003011000,   2.14000,
,,,0.000003012000,   2.18000,
,,,0.000003013000,   2.22000,
,,,0.000003014000,   2.28000,
,,,0.000003015000,   2.32000,
,,,0.000003016000,   2.36000,
,,,0.000003017000,   2.42000,
,,,0.000003018000,   2.46000,
,,,0.000003019000,   2.50000,
,,,0.000003020000,   2.54000,
,,,0.000003021000,   2.56000,
,,,0.000003022000,   2.56000,
,,,0.000003023000,   2.62000,
,,,0.000003024000,   2.66000,
,,,0.000003025000,   2.72000,
,,,0.000003026000,   2.74000,
,,,0.000003027000,   2.74000,
,,,0.000003028000,   2.80000,
,,,0.000003029000,   2.82000,
,,,0.000003030000,   2.84000,
,,,0.000003031000,   2.84000,
,,,0.000003032000,   2.88000,
,,,0.000003033000,   2.86000,
,,,0.000003034000,   2.88000,
,,,0.000003035000,   2.90000,
,,,0.000003036000,   2.94000,
,,,0.000003037000,   2.96000,
,,,0.000003038000,   2.98000,
,,,0.000003039000,   2.98000,
,,,0.000003040000,   3.02000,
,,,0.000003041000,   3.02000,
,,,0.000003042000,   3.02000,
,,,0.000003043000,   3.02000,
,,,0.000003044000,   3.04000,
,,,0.000003045000,   3.04000,
,,,0.000003046000,   3.06000,
,,,0.000003047000,   3.06000,
,,,0.000003048000,   3.08000,
,,,0.000003049000,   3.12000,
,,,0.000003050000,   3.08000,
,,,0.000003051000,   3.12000,
,,,0.000003052000,   3.12000,
,,,0.000003053000,   3.14000,
,,,0.000003054000,   3.14000,
,,,0.000003055000,   3.16000,
,,,0.000003056000,   3.14000,
,,,0.000003057000,   3.18000,
,,,0.000003058000,   3.14000,
,,,0.000003059000,   3.16000,
,,,0.000003060000,   3.16000,
,,,0.000003061000,   3.20000,
,,,0.000003062000,   3.22000,
,,,0.000003063000,   3.22000,
,,,0.000003064000,   3.22000,
,,,0.000003065000,   3.22000,
,,,0.000003066000,   3.16000,
,,,0.000003067000,   3.18000,
,,,0.000003068000,   3.20000,
,,,0.000003069000,   3.20000,
,,,0.000003070000,   3.20000,
,,,0.000003071000,   3.22000,
,,,0.000003072000,   3.22000,
,,,0.000003073000,   3.26000,
,,,0.000003074000,   3.26000,
,,,0.000003075000,   3.24000,
,,,0.000003076000,   3.22000,
,,,0.000003077000,   3.24000,
,,,0.000003078000,   3.24000,
,,,0.000003079000,   3.22000,
,,,0.000003080000,   3.24000,
,,,0.000003081000,   3.26000,
,,,0.000003082000,   3.24000,
,,,0.000003083000,   3.26000,
,,,0.000003084000,   3.26000,
,,,0.000003085000,   3.26000,
,,,0.000003086000,   3.26000,
,,,0.000003087000,   3.26000,
,,,0.000003088000,   3.24000,
,,,0.000003089000,   3.24000,
,,,0.000003090000,   3.26000,
,,,0.000003091000,   3.24000,
,,,0.000003092000,   3.26000,
,,,0.000003093000,   3.26000,
,,,0.000003094000,   3.24000,
,,,0.000003095000,   3.26000,
,,,0.000003096000,   3.26000,
,,,0.000003097000,   3.26000,
,,,0.000003098000,   3.26000,
,,,0.000003099000,   3.28000,
,,,0.000003100000,   3.26000,
,,,0.000003101000,   3.26000,
,,,0.000003102000,   3.28000,
,,,0.000003103000,   3.30000,
,,,0.000003104000,   3.28000,
,,,0.000003105000,   3.28000,
,,,0.000003106000,   3.28000,
,,,0.000003107000,   3.28000,
,,,0.000003108000,   3.26000,
,,,0.000003109000,   3.26000,
,,,0.000003110000,   3.28000,
,,,0.000003111000,   3.26000,
,,,0.000003112000,   3.26000,
,,,0.000003113000,   3.26000,
,,,0.000003114000,   3.28000,
,,,0.000003115000,   3.28000,
,,,0.000003116000,   3.28000,
,,,0.000003117000,   3.28000,
,,,0.000003118000,   3.28000,
,,,0.000003119000,   3.28000,
,,,0.000003120000,   3.28000,
,,,0.000003121000,   3.26000,
,,,0.000003122000,   3.30000,
,,,0.000003123000,   3.28000,
,,,0.000003124000,   3.28000,
,,,0.000003125000,   3.30000,
,,,0.000003126000,   3.28000,
,,,0.000003127000,   3.28000,
,,,0.000003128000,   3.28000,
,,,0.000003129000,   3.28000,
,,,0.000003130000,   3.30000,
,,,0.000003131000,   3.28000,
,,,0.000003132000,   3.30000,
,,,0.000003133000,   3.28000,
,,,0.000003134000,   3.28000,
,,,0.000003135000,   3.32000,
,,,0.000003136000,   3.30000,
,,,0.000003137000,   3.28000,
,,,0.000003138000,   3.30000,
,,,0.000003139000,   3.30000,
,,,0.000003140000,   3.30000,
,,,0.000003141000,   3.28000,
,,,0.000003142000,   3.28000,
,,,0.000003143000,   3.30000,
,,,0.000003144000,   3.30000,
,,,0.000003145000,   3.30000,
,,,0.000003146000,   3.28000,
,,,0.000003147000,   3.32000,
,,,0.000003148000,   3.30000,
,,,0.000003149000,   3.30000,
,,,0.000003150000,   3.28000,
,,,0.000003151000,   3.30000,
,,,0.000003152000,   3.30000,
,,,0.000003153000,   3.32000,
,,,0.000003154000,   3.26000,
,,,0.000003155000,   3.28000,
,,,0.000003156000,   3.28000,
,,,0.000003157000,   3.28000,
,,,0.000003158000,   3.30000,
,,,0.000003159000,   3.30000,
,,,0.000003160000,   3.30000,
,,,0.000003161000,   3.28000,
,,,0.000003162000,   3.28000,
,,,0.000003163000,   3.28000,
,,,0.000003164000,   3.28000,
,,,0.000003165000,   3.28000,
,,,0.000003166000,   3.28000,
,,,0.000003167000,   3.28000,
,,,0.000003168000,   3.28000,
,,,0.000003169000,   3.28000,
,,,0.000003170000,   3.28000,
,,,0.000003171000,   3.28000,
,,,0.000003172000,   3.28000,
,,,0.000003173000,   3.32000,
,,,0.000003174000,   3.28000,
,,,0.000003175000,   3.32000,
,,,0.000003176000,   3.32000,
,,,0.000003177000,   3.28000,
,,,0.000003178000,   3.28000,
,,,0.000003179000,   3.28000,
,,,0.000003180000,   3.28000,
,,,0.000003181000,   3.28000,
,,,0.000003182000,   3.30000,
,,,0.000003183000,   3.28000,
,,,0.000003184000,   3.28000,
,,,0.000003185000,   3.28000,
,,,0.000003186000,   3.30000,
,,,0.000003187000,   3.28000,
,,,0.000003188000,   3.28000,
,,,0.000003189000,   3.32000,
,,,0.000003190000,   3.28000,
,,,0.000003191000,   3.28000,
,,,0.000003192000,   3.28000,
,,,0.000003193000,   3.30000,
,,,0.000003194000,   3.32000,
,,,0.000003195000,   3.30000,
,,,0.000003196000,   3.28000,
,,,0.000003197000,   3.30000,
,,,0.000003198000,   3.32000,
,,,0.000003199000,   3.30000,
,,,0.000003200000,   3.32000,
,,,0.000003201000,   3.32000,
,,,0.000003202000,   3.32000,
,,,0.000003203000,   3.32000,
,,,0.000003204000,   3.30000,
,,,0.000003205000,   3.32000,
,,,0.000003206000,   3.32000,
,,,0.000003207000,   3.28000,
,,,0.000003208000,   3.28000,
,,,0.000003209000,   3.28000,
,,,0.000003210000,   3.28000,
,,,0.000003211000,   3.28000,
,,,0.000003212000,   3.30000,
,,,0.000003213000,   3.28000,
,,,0.000003214000,   3.28000,
,,,0.000003215000,   3.32000,
,,,0.000003216000,   3.30000,
,,,0.000003217000,   3.30000,
,,,0.000003218000,   3.30000,
,,,0.000003219000,   3.30000,
,,,0.000003220000,   3.28000,
,,,0.000003221000,   3.30000,
,,,0.000003222000,   3.30000,
,,,0.000003223000,   3.30000,
,,,0.000003224000,   3.28000,
,,,0.000003225000,   3.30000,
,,,0.000003226000,   3.30000,
,,,0.000003227000,   3.30000,
,,,0.000003228000,   3.26000,
,,,0.000003229000,   3.30000,
,,,0.000003230000,   3.28000,
,,,0.000003231000,   3.30000,
,,,0.000003232000,   3.28000,
,,,0.000003233000,   3.26000,
,,,0.000003234000,   3.28000,
,,,0.000003235000,   3.28000,
,,,0.000003236000,   3.30000,
,,,0.000003237000,   3.30000,
,,,0.000003238000,   3.30000,
,,,0.000003239000,   3.30000,
,,,0.000003240000,   3.30000,
,,,0.000003241000,   3.30000,
,,,0.000003242000,   3.30000,
,,,0.000003243000,   3.28000,
,,,0.000003244000,   3.28000,
,,,0.000003245000,   3.28000,
,,,0.000003246000,   3.28000,
,,,0.000003247000,   3.30000,
,,,0.000003248000,   3.30000,
,,,0.000003249000,   3.30000,
,,,0.000003250000,   3.30000,
,,,0.000003251000,   3.32000,
,,,0.000003252000,   3.32000,
,,,0.000003253000,   3.30000,
,,,0.000003254000,   3.28000,
,,,0.000003255000,   3.26000,
,,,0.000003256000,   3.28000,
,,,0.000003257000,   3.30000,
,,,0.000003258000,   3.30000,
,,,0.000003259000,   3.30000,
,,,0.000003260000,   3.30000,
,,,0.000003261000,   3.30000,
,,,0.000003262000,   3.30000,
,,,0.000003263000,   3.28000,
,,,0.000003264000,   3.30000,
,,,0.000003265000,   3.28000,
,,,0.000003266000,   3.30000,
,,,0.000003267000,   3.28000,
,,,0.000003268000,   3.30000,
,,,0.000003269000,   3.30000,
,,,0.000003270000,   3.28000,
,,,0.000003271000,   3.30000,
,,,0.000003272000,   3.30000,
,,,0.000003273000,   3.28000,
,,,0.000003274000,   3.30000,
,,,0.000003275000,   3.32000,
,,,0.000003276000,   3.30000,
,,,0.000003277000,   3.30000,
,,,0.000003278000,   3.30000,
,,,0.000003279000,   3.30000,
,,,0.000003280000,   3.28000,
,,,0.000003281000,   3.30000,
,,,0.000003282000,   3.28000,
,,,0.000003283000,   3.30000,
,,,0.000003284000,   3.28000,
,,,0.000003285000,   3.28000,
,,,0.000003286000,   3.30000,
,,,0.000003287000,   3.28000,
,,,0.000003288000,   3.32000,
,,,0.000003289000,   3.32000,
,,,0.000003290000,   3.32000,
,,,0.000003291000,   3.30000,
,,,0.000003292000,   3.30000,
,,,0.000003293000,   3.28000,
,,,0.000003294000,   3.28000,
,,,0.000003295000,   3.28000,
,,,0.000003296000,   3.30000,
,,,0.000003297000,   3.28000,
,,,0.000003298000,   3.28000,
,,,0.000003299000,   3.30000,
,,,0.000003300000,   3.28000,
,,,0.000003301000,   3.28000,
,,,0.000003302000,   3.30000,
,,,0.000003303000,   3.30000,
,,,0.000003304000,   3.32000,
,,,0.000003305000,   3.32000,
,,,0.000003306000,   3.28000,
,,,0.000003307000,   3.28000,
,,,0.000003308000,   3.28000,
,,,0.000003309000,   3.28000,
,,,0.000003310000,   3.28000,
,,,0.000003311000,   3.30000,
,,,0.000003312000,   3.30000,
,,,0.000003313000,   3.28000,
,,,0.000003314000,   3.32000,
,,,0.000003315000,   3.30000,
,,,0.000003316000,   3.28000,
,,,0.000003317000,   3.32000,
,,,0.000003318000,   3.30000,
,,,0.000003319000,   3.30000,
,,,0.000003320000,   3.28000,
,,,0.000003321000,   3.30000,
,,,0.000003322000,   3.30000,
,,,0.000003323000,   3.32000,
,,,0.000003324000,   3.28000,
,,,0.000003325000,   3.28000,
,,,0.000003326000,   3.30000,
,,,0.000003327000,   3.30000,
,,,0.000003328000,   3.30000,
,,,0.000003329000,   3.28000,
,,,0.000003330000,   3.30000,
,,,0.000003331000,   3.28000,
,,,0.000003332000,   3.28000,
,,,0.000003333000,   3.30000,
,,,0.000003334000,   3.30000,
,,,0.000003335000,   3.28000,
,,,0.000003336000,   3.26000,
,,,0.000003337000,   3.28000,
,,,0.000003338000,   3.30000,
,,,0.000003339000,   3.30000,
,,,0.000003340000,   3.28000,
,,,0.000003341000,   3.32000,
,,,0.000003342000,   3.32000,
,,,0.000003343000,   3.30000,
,,,0.000003344000,   3.28000,
,,,0.000003345000,   3.30000,
,,,0.000003346000,   3.28000,
,,,0.000003347000,   3.28000,
,,,0.000003348000,   3.30000,
,,,0.000003349000,   3.28000,
,,,0.000003350000,   3.30000,
,,,0.000003351000,   3.32000,
,,,0.000003352000,   3.30000,
,,,0.000003353000,   3.30000,
,,,0.000003354000,   3.30000,
,,,0.000003355000,   3.28000,
,,,0.000003356000,   3.30000,
,,,0.000003357000,   3.30000,
,,,0.000003358000,   3.32000,
,,,0.000003359000,   3.32000,
,,,0.000003360000,   3.30000,
,,,0.000003361000,   3.28000,
,,,0.000003362000,   3.28000,
,,,0.000003363000,   3.28000,
,,,0.000003364000,   3.28000,
,,,0.000003365000,   3.28000,
,,,0.000003366000,   3.28000,
,,,0.000003367000,   3.30000,
,,,0.000003368000,   3.26000,
,,,0.000003369000,   3.28000,
,,,0.000003370000,   3.26000,
,,,0.000003371000,   3.30000,
,,,0.000003372000,   3.28000,
,,,0.000003373000,   3.30000,
,,,0.000003374000,   3.32000,
,,,0.000003375000,   3.30000,
,,,0.000003376000,   3.28000,
,,,0.000003377000,   3.28000,
,,,0.000003378000,   3.30000,
,,,0.000003379000,   3.28000,
,,,0.000003380000,   3.32000,
,,,0.000003381000,   3.30000,
,,,0.000003382000,   3.30000,
,,,0.000003383000,   3.30000,
,,,0.000003384000,   3.30000,
,,,0.000003385000,   3.30000,
,,,0.000003386000,   3.28000,
,,,0.000003387000,   3.30000,
,,,0.000003388000,   3.28000,
,,,0.000003389000,   3.30000,
,,,0.000003390000,   3.30000,
,,,0.000003391000,   3.28000,
,,,0.000003392000,   3.30000,
,,,0.000003393000,   3.32000,
,,,0.000003394000,   3.30000,
,,,0.000003395000,   3.32000,
,,,0.000003396000,   3.30000,
,,,0.000003397000,   3.28000,
,,,0.000003398000,   3.30000,
,,,0.000003399000,   3.28000,
,,,0.000003400000,   3.26000,
,,,0.000003401000,   3.30000,
,,,0.000003402000,   3.30000,
,,,0.000003403000,   3.30000,
,,,0.000003404000,   3.30000,
,,,0.000003405000,   3.30000,
,,,0.000003406000,   3.32000,
,,,0.000003407000,   3.28000,
,,,0.000003408000,   3.30000,
,,,0.000003409000,   3.30000,
,,,0.000003410000,   3.30000,
,,,0.000003411000,   3.30000,
,,,0.000003412000,   3.28000,
,,,0.000003413000,   3.28000,
,,,0.000003414000,   3.30000,
,,,0.000003415000,   3.30000,
,,,0.000003416000,   3.28000,
,,,0.000003417000,   3.30000,
,,,0.000003418000,   3.28000,
,,,0.000003419000,   3.30000,
,,,0.000003420000,   3.30000,
,,,0.000003421000,   3.26000,
,,,0.000003422000,   3.28000,
,,,0.000003423000,   3.28000,
,,,0.000003424000,   3.30000,
,,,0.000003425000,   3.28000,
,,,0.000003426000,   3.30000,
,,,0.000003427000,   3.32000,
,,,0.000003428000,   3.28000,
,,,0.000003429000,   3.30000,
,,,0.000003430000,   3.28000,
,,,0.000003431000,   3.28000,
,,,0.000003432000,   3.30000,
,,,0.000003433000,   3.30000,
,,,0.000003434000,   3.32000,
,,,0.000003435000,   3.30000,
,,,0.000003436000,   3.32000,
,,,0.000003437000,   3.28000,
,,,0.000003438000,   3.30000,
,,,0.000003439000,   3.28000,
,,,0.000003440000,   3.30000,
,,,0.000003441000,   3.30000,
,,,0.000003442000,   3.30000,
,,,0.000003443000,   3.28000,
,,,0.000003444000,   3.32000,
,,,0.000003445000,   3.28000,
,,,0.000003446000,   3.30000,
,,,0.000003447000,   3.30000,
,,,0.000003448000,   3.30000,
,,,0.000003449000,   3.32000,
,,,0.000003450000,   3.32000,
,,,0.000003451000,   3.28000,
,,,0.000003452000,   3.30000,
,,,0.000003453000,   3.30000,
,,,0.000003454000,   3.26000,
,,,0.000003455000,   3.28000,
,,,0.000003456000,   3.28000,
,,,0.000003457000,   3.28000,
,,,0.000003458000,   3.28000,
,,,0.000003459000,   3.30000,
,,,0.000003460000,   3.28000,
,,,0.000003461000,   3.30000,
,,,0.000003462000,   3.30000,
,,,0.000003463000,   3.28000,
,,,0.000003464000,   3.28000,
,,,0.000003465000,   3.30000,
,,,0.000003466000,   3.32000,
,,,0.000003467000,   3.32000,
,,,0.000003468000,   3.30000,
,,,0.000003469000,   3.32000,
,,,0.000003470000,   3.32000,
,,,0.000003471000,   3.28000,
,,,0.000003472000,   3.30000,
,,,0.000003473000,   3.30000,
,,,0.000003474000,   3.28000,
,,,0.000003475000,   3.28000,
,,,0.000003476000,   3.28000,
,,,0.000003477000,   3.32000,
,,,0.000003478000,   3.26000,
,,,0.000003479000,   3.32000,
,,,0.000003480000,   3.28000,
,,,0.000003481000,   3.30000,
,,,0.000003482000,   3.26000,
,,,0.000003483000,   3.30000,
,,,0.000003484000,   3.28000,
,,,0.000003485000,   3.30000,
,,,0.000003486000,   3.32000,
,,,0.000003487000,   3.28000,
,,,0.000003488000,   3.30000,
,,,0.000003489000,   3.30000,
,,,0.000003490000,   3.28000,
,,,0.000003491000,   3.28000,
,,,0.000003492000,   3.28000,
,,,0.000003493000,   3.30000,
,,,0.000003494000,   3.28000,
,,,0.000003495000,   3.28000,
,,,0.000003496000,   3.30000,
,,,0.000003497000,   3.30000,
,,,0.000003498000,   3.30000,
,,,0.000003499000,   3.30000,
,,,0.000003500000,   3.32000,
,,,0.000003501000,   3.30000,
,,,0.000003502000,   3.28000,
,,,0.000003503000,   3.32000,
,,,0.000003504000,   3.30000,
,,,0.000003505000,   3.30000,
,,,0.000003506000,   3.30000,
,,,0.000003507000,   3.32000,
,,,0.000003508000,   3.30000,
,,,0.000003509000,   3.32000,
,,,0.000003510000,   3.32000,
,,,0.000003511000,   3.30000,
,,,0.000003512000,   3.28000,
,,,0.000003513000,   3.28000,
,,,0.000003514000,   3.28000,
,,,0.000003515000,   3.30000,
,,,0.000003516000,   3.28000,
,,,0.000003517000,   3.28000,
,,,0.000003518000,   3.32000,
,,,0.000003519000,   3.32000,
,,,0.000003520000,   3.32000,
,,,0.000003521000,   3.30000,
,,,0.000003522000,   3.30000,
,,,0.000003523000,   3.30000,
,,,0.000003524000,   3.30000,
,,,0.000003525000,   3.28000,
,,,0.000003526000,   3.32000,
,,,0.000003527000,   3.28000,
,,,0.000003528000,   3.30000,
,,,0.000003529000,   3.30000,
,,,0.000003530000,   3.28000,
,,,0.000003531000,   3.30000,
,,,0.000003532000,   3.30000,
,,,0.000003533000,   3.30000,
,,,0.000003534000,   3.30000,
,,,0.000003535000,   3.30000,
,,,0.000003536000,   3.28000,
,,,0.000003537000,   3.30000,
,,,0.000003538000,   3.30000,
,,,0.000003539000,   3.30000,
,,,0.000003540000,   3.30000,
,,,0.000003541000,   3.30000,
,,,0.000003542000,   3.30000,
,,,0.000003543000,   3.30000,
,,,0.000003544000,   3.30000,
,,,0.000003545000,   3.32000,
,,,0.000003546000,   3.30000,
,,,0.000003547000,   3.28000,
,,,0.000003548000,   3.30000,
,,,0.000003549000,   3.30000,
,,,0.000003550000,   3.28000,
,,,0.000003551000,   3.30000,
,,,0.000003552000,   3.32000,
,,,0.000003553000,   3.30000,
,,,0.000003554000,   3.32000,
,,,0.000003555000,   3.28000,
,,,0.000003556000,   3.30000,
,,,0.000003557000,   3.26000,
,,,0.000003558000,   3.32000,
,,,0.000003559000,   3.30000,
,,,0.000003560000,   3.30000,
,,,0.000003561000,   3.28000,
,,,0.000003562000,   3.28000,
,,,0.000003563000,   3.28000,
,,,0.000003564000,   3.28000,
,,,0.000003565000,   3.30000,
,,,0.000003566000,   3.30000,
,,,0.000003567000,   3.28000,
,,,0.000003568000,   3.26000,
,,,0.000003569000,   3.30000,
,,,0.000003570000,   3.28000,
,,,0.000003571000,   3.28000,
,,,0.000003572000,   3.34000,
,,,0.000003573000,   3.30000,
,,,0.000003574000,   3.28000,
,,,0.000003575000,   3.28000,
,,,0.000003576000,   3.28000,
,,,0.000003577000,   3.30000,
,,,0.000003578000,   3.28000,
,,,0.000003579000,   3.28000,
,,,0.000003580000,   3.28000,
,,,0.000003581000,   3.28000,
,,,0.000003582000,   3.30000,
,,,0.000003583000,   3.28000,
,,,0.000003584000,   3.30000,
,,,0.000003585000,   3.30000,
,,,0.000003586000,   3.28000,
,,,0.000003587000,   3.28000,
,,,0.000003588000,   3.28000,
,,,0.000003589000,   3.28000,
,,,0.000003590000,   3.26000,
,,,0.000003591000,   3.28000,
,,,0.000003592000,   3.28000,
,,,0.000003593000,   3.28000,
,,,0.000003594000,   3.28000,
,,,0.000003595000,   3.30000,
,,,0.000003596000,   3.30000,
,,,0.000003597000,   3.28000,
,,,0.000003598000,   3.30000,
,,,0.000003599000,   3.28000,
,,,0.000003600000,   3.30000,
,,,0.000003601000,   3.30000,
,,,0.000003602000,   3.28000,
,,,0.000003603000,   3.30000,
,,,0.000003604000,   3.30000,
,,,0.000003605000,   3.26000,
,,,0.000003606000,   3.30000,
,,,0.000003607000,   3.28000,
,,,0.000003608000,   3.28000,
,,,0.000003609000,   3.26000,
,,,0.000003610000,   3.26000,
,,,0.000003611000,   3.28000,
,,,0.000003612000,   3.30000,
,,,0.000003613000,   3.26000,
,,,0.000003614000,   3.30000,
,,,0.000003615000,   3.28000,
,,,0.000003616000,   3.26000,
,,,0.000003617000,   3.28000,
,,,0.000003618000,   3.30000,
,,,0.000003619000,   3.28000,
,,,0.000003620000,   3.30000,
,,,0.000003621000,   3.28000,
,,,0.000003622000,   3.30000,
,,,0.000003623000,   3.30000,
,,,0.000003624000,   3.30000,
,,,0.000003625000,   3.30000,
,,,0.000003626000,   3.30000,
,,,0.000003627000,   3.28000,
,,,0.000003628000,   3.28000,
,,,0.000003629000,   3.28000,
,,,0.000003630000,   3.30000,
,,,0.000003631000,   3.32000,
,,,0.000003632000,   3.32000,
,,,0.000003633000,   3.30000,
,,,0.000003634000,   3.28000,
,,,0.000003635000,   3.28000,
,,,0.000003636000,   3.30000,
,,,0.000003637000,   3.28000,
,,,0.000003638000,   3.28000,
,,,0.000003639000,   3.28000,
,,,0.000003640000,   3.30000,
,,,0.000003641000,   3.28000,
,,,0.000003642000,   3.30000,
,,,0.000003643000,   3.30000,
,,,0.000003644000,   3.30000,
,,,0.000003645000,   3.32000,
,,,0.000003646000,   3.30000,
,,,0.000003647000,   3.30000,
,,,0.000003648000,   3.32000,
,,,0.000003649000,   3.30000,
,,,0.000003650000,   3.28000,
,,,0.000003651000,   3.28000,
,,,0.000003652000,   3.26000,
,,,0.000003653000,   3.28000,
,,,0.000003654000,   3.30000,
,,,0.000003655000,   3.32000,
,,,0.000003656000,   3.30000,
,,,0.000003657000,   3.30000,
,,,0.000003658000,   3.28000,
,,,0.000003659000,   3.28000,
,,,0.000003660000,   3.30000,
,,,0.000003661000,   3.28000,
,,,0.000003662000,   3.28000,
,,,0.000003663000,   3.28000,
,,,0.000003664000,   3.30000,
,,,0.000003665000,   3.30000,
,,,0.000003666000,   3.28000,
,,,0.000003667000,   3.30000,
,,,0.000003668000,   3.30000,
,,,0.000003669000,   3.28000,
,,,0.000003670000,   3.28000,
,,,0.000003671000,   3.30000,
,,,0.000003672000,   3.30000,
,,,0.000003673000,   3.26000,
,,,0.000003674000,   3.28000,
,,,0.000003675000,   3.30000,
,,,0.000003676000,   3.28000,
,,,0.000003677000,   3.30000,
,,,0.000003678000,   3.28000,
,,,0.000003679000,   3.28000,
,,,0.000003680000,   3.28000,
,,,0.000003681000,   3.30000,
,,,0.000003682000,   3.28000,
,,,0.000003683000,   3.30000,
,,,0.000003684000,   3.30000,
,,,0.000003685000,   3.28000,
,,,0.000003686000,   3.28000,
,,,0.000003687000,   3.28000,
,,,0.000003688000,   3.28000,
,,,0.000003689000,   3.28000,
,,,0.000003690000,   3.28000,
,,,0.000003691000,   3.28000,
,,,0.000003692000,   3.30000,
,,,0.000003693000,   3.30000,
,,,0.000003694000,   3.30000,
,,,0.000003695000,   3.30000,
,,,0.000003696000,   3.28000,
,,,0.000003697000,   3.30000,
,,,0.000003698000,   3.28000,
,,,0.000003699000,   3.32000,
,,,0.000003700000,   3.32000,
,,,0.000003701000,   3.28000,
,,,0.000003702000,   3.30000,
,,,0.000003703000,   3.28000,
,,,0.000003704000,   3.28000,
,,,0.000003705000,   3.30000,
,,,0.000003706000,   3.30000,
,,,0.000003707000,   3.30000,
,,,0.000003708000,   3.30000,
,,,0.000003709000,   3.28000,
,,,0.000003710000,   3.30000,
,,,0.000003711000,   3.28000,
,,,0.000003712000,   3.28000,
,,,0.000003713000,   3.28000,
,,,0.000003714000,   3.28000,
,,,0.000003715000,   3.30000,
,,,0.000003716000,   3.30000,
,,,0.000003717000,   3.32000,
,,,0.000003718000,   3.32000,
,,,0.000003719000,   3.30000,
,,,0.000003720000,   3.28000,
,,,0.000003721000,   3.28000,
,,,0.000003722000,   3.28000,
,,,0.000003723000,   3.26000,
,,,0.000003724000,   3.30000,
,,,0.000003725000,   3.30000,
,,,0.000003726000,   3.28000,
,,,0.000003727000,   3.28000,
,,,0.000003728000,   3.28000,
,,,0.000003729000,   3.28000,
,,,0.000003730000,   3.30000,
,,,0.000003731000,   3.28000,
,,,0.000003732000,   3.28000,
,,,0.000003733000,   3.30000,
,,,0.000003734000,   3.28000,
,,,0.000003735000,   3.28000,
,,,0.000003736000,   3.28000,
,,,0.000003737000,   3.28000,
,,,0.000003738000,   3.30000,
,,,0.000003739000,   3.30000,
,,,0.000003740000,   3.30000,
,,,0.000003741000,   3.32000,
,,,0.000003742000,   3.28000,
,,,0.000003743000,   3.28000,
,,,0.000003744000,   3.30000,
,,,0.000003745000,   3.30000,
,,,0.000003746000,   3.30000,
,,,0.000003747000,   3.30000,
,,,0.000003748000,   3.28000,
,,,0.000003749000,   3.26000,
,,,0.000003750000,   3.26000,
,,,0.000003751000,   3.26000,
,,,0.000003752000,   3.26000,
,,,0.000003753000,   3.28000,
,,,0.000003754000,   3.30000,
,,,0.000003755000,   3.28000,
,,,0.000003756000,   3.28000,
,,,0.000003757000,   3.30000,
,,,0.000003758000,   3.30000,
,,,0.000003759000,   3.28000,
,,,0.000003760000,   3.28000,
,,,0.000003761000,   3.30000,
,,,0.000003762000,   3.28000,
,,,0.000003763000,   3.30000,
,,,0.000003764000,   3.28000,
,,,0.000003765000,   3.26000,
,,,0.000003766000,   3.28000,
,,,0.000003767000,   3.28000,
,,,0.000003768000,   3.26000,
,,,0.000003769000,   3.28000,
,,,0.000003770000,   3.28000,
,,,0.000003771000,   3.28000,
,,,0.000003772000,   3.28000,
,,,0.000003773000,   3.30000,
,,,0.000003774000,   3.28000,
,,,0.000003775000,   3.28000,
,,,0.000003776000,   3.28000,
,,,0.000003777000,   3.30000,
,,,0.000003778000,   3.28000,
,,,0.000003779000,   3.30000,
,,,0.000003780000,   3.30000,
,,,0.000003781000,   3.30000,
,,,0.000003782000,   3.30000,
,,,0.000003783000,   3.32000,
,,,0.000003784000,   3.30000,
,,,0.000003785000,   3.28000,
,,,0.000003786000,   3.28000,
,,,0.000003787000,   3.28000,
,,,0.000003788000,   3.30000,
,,,0.000003789000,   3.28000,
,,,0.000003790000,   3.30000,
,,,0.000003791000,   3.30000,
,,,0.000003792000,   3.28000,
,,,0.000003793000,   3.30000,
,,,0.000003794000,   3.30000,
,,,0.000003795000,   3.28000,
,,,0.000003796000,   3.28000,
,,,0.000003797000,   3.28000,
,,,0.000003798000,   3.30000,
,,,0.000003799000,   3.32000,
,,,0.000003800000,   3.32000,
,,,0.000003801000,   3.32000,
,,,0.000003802000,   3.28000,
,,,0.000003803000,   3.28000,
,,,0.000003804000,   3.28000,
,,,0.000003805000,   3.28000,
,,,0.000003806000,   3.28000,
,,,0.000003807000,   3.30000,
,,,0.000003808000,   3.28000,
,,,0.000003809000,   3.30000,
,,,0.000003810000,   3.28000,
,,,0.000003811000,   3.26000,
,,,0.000003812000,   3.28000,
,,,0.000003813000,   3.28000,
,,,0.000003814000,   3.26000,
,,,0.000003815000,   3.30000,
,,,0.000003816000,   3.30000,
,,,0.000003817000,   3.30000,
,,,0.000003818000,   3.28000,
,,,0.000003819000,   3.28000,
,,,0.000003820000,   3.28000,
,,,0.000003821000,   3.28000,
,,,0.000003822000,   3.28000,
,,,0.000003823000,   3.30000,
,,,0.000003824000,   3.28000,
,,,0.000003825000,   3.30000,
,,,0.000003826000,   3.28000,
,,,0.000003827000,   3.28000,
,,,0.000003828000,   3.28000,
,,,0.000003829000,   3.30000,
,,,0.000003830000,   3.28000,
,,,0.000003831000,   3.28000,
,,,0.000003832000,   3.28000,
,,,0.000003833000,   3.28000,
,,,0.000003834000,   3.28000,
,,,0.000003835000,   3.26000,
,,,0.000003836000,   3.28000,
,,,0.000003837000,   3.28000,
,,,0.000003838000,   3.28000,
,,,0.000003839000,   3.26000,
,,,0.000003840000,   3.30000,
,,,0.000003841000,   3.28000,
,,,0.000003842000,   3.30000,
,,,0.000003843000,   3.30000,
,,,0.000003844000,   3.30000,
,,,0.000003845000,   3.30000,
,,,0.000003846000,   3.32000,
,,,0.000003847000,   3.28000,
,,,0.000003848000,   3.28000,
,,,0.000003849000,   3.26000,
,,,0.000003850000,   3.28000,
,,,0.000003851000,   3.30000,
,,,0.000003852000,   3.30000,
,,,0.000003853000,   3.30000,
,,,0.000003854000,   3.28000,
,,,0.000003855000,   3.28000,
,,,0.000003856000,   3.28000,
,,,0.000003857000,   3.30000,
,,,0.000003858000,   3.28000,
,,,0.000003859000,   3.28000,
,,,0.000003860000,   3.30000,
,,,0.000003861000,   3.28000,
,,,0.000003862000,   3.30000,
,,,0.000003863000,   3.28000,
,,,0.000003864000,   3.30000,
,,,0.000003865000,   3.30000,
,,,0.000003866000,   3.32000,
,,,0.000003867000,   3.28000,
,,,0.000003868000,   3.30000,
,,,0.000003869000,   3.30000,
,,,0.000003870000,   3.28000,
,,,0.000003871000,   3.28000,
,,,0.000003872000,   3.28000,
,,,0.000003873000,   3.28000,
,,,0.000003874000,   3.28000,
,,,0.000003875000,   3.28000,
,,,0.000003876000,   3.28000,
,,,0.000003877000,   3.30000,
,,,0.000003878000,   3.26000,
,,,0.000003879000,   3.28000,
,,,0.000003880000,   3.26000,
,,,0.000003881000,   3.28000,
,,,0.000003882000,   3.30000,
,,,0.000003883000,   3.30000,
,,,0.000003884000,   3.30000,
,,,0.000003885000,   3.28000,
,,,0.000003886000,   3.28000,
,,,0.000003887000,   3.30000,
,,,0.000003888000,   3.30000,
,,,0.000003889000,   3.28000,
,,,0.000003890000,   3.28000,
,,,0.000003891000,   3.30000,
,,,0.000003892000,   3.30000,
,,,0.000003893000,   3.30000,
,,,0.000003894000,   3.28000,
,,,0.000003895000,   3.30000,
,,,0.000003896000,   3.30000,
,,,0.000003897000,   3.28000,
,,,0.000003898000,   3.30000,
,,,0.000003899000,   3.26000,
,,,0.000003900000,   3.28000,
,,,0.000003901000,   3.28000,
,,,0.000003902000,   3.28000,
,,,0.000003903000,   3.28000,
,,,0.000003904000,   3.28000,
,,,0.000003905000,   3.32000,
,,,0.000003906000,   3.28000,
,,,0.000003907000,   3.30000,
,,,0.000003908000,   3.28000,
,,,0.000003909000,   3.28000,
,,,0.000003910000,   3.28000,
,,,0.000003911000,   3.30000,
,,,0.000003912000,   3.28000,
,,,0.000003913000,   3.26000,
,,,0.000003914000,   3.28000,
,,,0.000003915000,   3.30000,
,,,0.000003916000,   3.30000,
,,,0.000003917000,   3.28000,
,,,0.000003918000,   3.26000,
,,,0.000003919000,   3.28000,
,,,0.000003920000,   3.28000,
,,,0.000003921000,   3.28000,
,,,0.000003922000,   3.28000,
,,,0.000003923000,   3.28000,
,,,0.000003924000,   3.28000,
,,,0.000003925000,   3.28000,
,,,0.000003926000,   3.28000,
,,,0.000003927000,   3.30000,
,,,0.000003928000,   3.28000,
,,,0.000003929000,   3.30000,
,,,0.000003930000,   3.28000,
,,,0.000003931000,   3.30000,
,,,0.000003932000,   3.30000,
,,,0.000003933000,   3.30000,
,,,0.000003934000,   3.26000,
,,,0.000003935000,   3.28000,
,,,0.000003936000,   3.30000,
,,,0.000003937000,   3.28000,
,,,0.000003938000,   3.30000,
,,,0.000003939000,   3.28000,
,,,0.000003940000,   3.28000,
,,,0.000003941000,   3.32000,
,,,0.000003942000,   3.32000,
,,,0.000003943000,   3.30000,
,,,0.000003944000,   3.32000,
,,,0.000003945000,   3.32000,
,,,0.000003946000,   3.30000,
,,,0.000003947000,   3.30000,
,,,0.000003948000,   3.28000,
,,,0.000003949000,   3.32000,
,,,0.000003950000,   3.30000,
,,,0.000003951000,   3.30000,
,,,0.000003952000,   3.32000,
,,,0.000003953000,   3.28000,
,,,0.000003954000,   3.30000,
,,,0.000003955000,   3.28000,
,,,0.000003956000,   3.30000,
,,,0.000003957000,   3.28000,
,,,0.000003958000,   3.30000,
,,,0.000003959000,   3.28000,
,,,0.000003960000,   3.28000,
,,,0.000003961000,   3.28000,
,,,0.000003962000,   3.26000,
,,,0.000003963000,   3.28000,
,,,0.000003964000,   3.28000,
,,,0.000003965000,   3.30000,
,,,0.000003966000,   3.28000,
,,,0.000003967000,   3.30000,
,,,0.000003968000,   3.34000,
,,,0.000003969000,   3.32000,
,,,0.000003970000,   3.30000,
,,,0.000003971000,   3.28000,
,,,0.000003972000,   3.30000,
,,,0.000003973000,   3.28000,
,,,0.000003974000,   3.28000,
,,,0.000003975000,   3.28000,
,,,0.000003976000,   3.30000,
,,,0.000003977000,   3.32000,
,,,0.000003978000,   3.28000,
,,,0.000003979000,   3.28000,
,,,0.000003980000,   3.30000,
,,,0.000003981000,   3.34000,
,,,0.000003982000,   3.32000,
,,,0.000003983000,   3.28000,
,,,0.000003984000,   3.30000,
,,,0.000003985000,   3.28000,
,,,0.000003986000,   3.30000,
,,,0.000003987000,   3.32000,
,,,0.000003988000,   3.32000,
,,,0.000003989000,   3.32000,
,,,0.000003990000,   3.30000,
,,,0.000003991000,   3.28000,
,,,0.000003992000,   3.28000,
,,,0.000003993000,   3.30000,
,,,0.000003994000,   3.30000,
,,,0.000003995000,   3.28000,
,,,0.000003996000,   3.28000,
,,,0.000003997000,   3.28000,
,,,0.000003998000,   3.30000,
,,,0.000003999000,   3.30000,
,,,0.000004000000,   3.28000,
,,,0.000004001000,   3.28000,
,,,0.000004002000,   3.30000,
,,,0.000004003000,   3.28000,
,,,0.000004004000,   3.30000,
,,,0.000004005000,   3.30000,
,,,0.000004006000,   3.28000,
,,,0.000004007000,   3.30000,
,,,0.000004008000,   3.30000,
,,,0.000004009000,   3.30000,
,,,0.000004010000,   3.30000,
,,,0.000004011000,   3.30000,
,,,0.000004012000,   3.28000,
,,,0.000004013000,   3.28000,
,,,0.000004014000,   3.30000,
,,,0.000004015000,   3.30000,
,,,0.000004016000,   3.28000,
,,,0.000004017000,   3.28000,
,,,0.000004018000,   3.28000,
,,,0.000004019000,   3.30000,
,,,0.000004020000,   3.28000,
,,,0.000004021000,   3.32000,
,,,0.000004022000,   3.28000,
,,,0.000004023000,   3.30000,
,,,0.000004024000,   3.28000,
,,,0.000004025000,   3.28000,
,,,0.000004026000,   3.28000,
,,,0.000004027000,   3.32000,
,,,0.000004028000,   3.30000,
,,,0.000004029000,   3.30000,
,,,0.000004030000,   3.30000,
,,,0.000004031000,   3.30000,
,,,0.000004032000,   3.28000,
,,,0.000004033000,   3.28000,
,,,0.000004034000,   3.28000,
,,,0.000004035000,   3.30000,
,,,0.000004036000,   3.30000,
,,,0.000004037000,   3.28000,
,,,0.000004038000,   3.28000,
,,,0.000004039000,   3.28000,
,,,0.000004040000,   3.30000,
,,,0.000004041000,   3.30000,
,,,0.000004042000,   3.28000,
,,,0.000004043000,   3.32000,
,,,0.000004044000,   3.28000,
,,,0.000004045000,   3.28000,
,,,0.000004046000,   3.32000,
,,,0.000004047000,   3.28000,
,,,0.000004048000,   3.32000,
,,,0.000004049000,   3.32000,
,,,0.000004050000,   3.30000,
,,,0.000004051000,   3.32000,
,,,0.000004052000,   3.28000,
,,,0.000004053000,   3.30000,
,,,0.000004054000,   3.28000,
,,,0.000004055000,   3.28000,
,,,0.000004056000,   3.28000,
,,,0.000004057000,   3.30000,
,,,0.000004058000,   3.30000,
,,,0.000004059000,   3.28000,
,,,0.000004060000,   3.30000,
,,,0.000004061000,   3.30000,
,,,0.000004062000,   3.28000,
,,,0.000004063000,   3.30000,
,,,0.000004064000,   3.30000,
,,,0.000004065000,   3.26000,
,,,0.000004066000,   3.28000,
,,,0.000004067000,   3.30000,
,,,0.000004068000,   3.30000,
,,,0.000004069000,   3.26000,
,,,0.000004070000,   3.28000,
,,,0.000004071000,   3.30000,
,,,0.000004072000,   3.28000,
,,,0.000004073000,   3.34000,
,,,0.000004074000,   3.30000,
,,,0.000004075000,   3.32000,
,,,0.000004076000,   3.30000,
,,,0.000004077000,   3.30000,
,,,0.000004078000,   3.28000,
,,,0.000004079000,   3.30000,
,,,0.000004080000,   3.28000,
,,,0.000004081000,   3.30000,
,,,0.000004082000,   3.30000,
,,,0.000004083000,   3.28000,
,,,0.000004084000,   3.30000,
,,,0.000004085000,   3.30000,
,,,0.000004086000,   3.28000,
,,,0.000004087000,   3.30000,
,,,0.000004088000,   3.28000,
,,,0.000004089000,   3.28000,
,,,0.000004090000,   3.26000,
,,,0.000004091000,   3.32000,
,,,0.000004092000,   3.30000,
,,,0.000004093000,   3.32000,
,,,0.000004094000,   3.30000,
,,,0.000004095000,   3.30000,
,,,0.000004096000,   3.32000,
,,,0.000004097000,   3.32000,
,,,0.000004098000,   3.32000,
,,,0.000004099000,   3.28000,
,,,0.000004100000,   3.28000,
,,,0.000004101000,   3.26000,
,,,0.000004102000,   3.28000,
,,,0.000004103000,   3.30000,
,,,0.000004104000,   3.28000,
,,,0.000004105000,   3.28000,
,,,0.000004106000,   3.28000,
,,,0.000004107000,   3.30000,
,,,0.000004108000,   3.28000,
,,,0.000004109000,   3.28000,
,,,0.000004110000,   3.28000,
,,,0.000004111000,   3.26000,
,,,0.000004112000,   3.28000,
,,,0.000004113000,   3.30000,
,,,0.000004114000,   3.32000,
,,,0.000004115000,   3.30000,
,,,0.000004116000,   3.30000,
,,,0.000004117000,   3.28000,
,,,0.000004118000,   3.28000,
,,,0.000004119000,   3.26000,
,,,0.000004120000,   3.30000,
,,,0.000004121000,   3.28000,
,,,0.000004122000,   3.30000,
,,,0.000004123000,   3.28000,
,,,0.000004124000,   3.30000,
,,,0.000004125000,   3.30000,
,,,0.000004126000,   3.30000,
,,,0.000004127000,   3.30000,
,,,0.000004128000,   3.32000,
,,,0.000004129000,   3.30000,
,,,0.000004130000,   3.30000,
,,,0.000004131000,   3.30000,
,,,0.000004132000,   3.28000,
,,,0.000004133000,   3.30000,
,,,0.000004134000,   3.30000,
,,,0.000004135000,   3.32000,
,,,0.000004136000,   3.30000,
,,,0.000004137000,   3.30000,
,,,0.000004138000,   3.30000,
,,,0.000004139000,   3.30000,
,,,0.000004140000,   3.30000,
,,,0.000004141000,   3.30000,
,,,0.000004142000,   3.32000,
,,,0.000004143000,   3.30000,
,,,0.000004144000,   3.30000,
,,,0.000004145000,   3.30000,
,,,0.000004146000,   3.28000,
,,,0.000004147000,   3.30000,
,,,0.000004148000,   3.28000,
,,,0.000004149000,   3.28000,
,,,0.000004150000,   3.30000,
,,,0.000004151000,   3.30000,
,,,0.000004152000,   3.28000,
,,,0.000004153000,   3.30000,
,,,0.000004154000,   3.28000,
,,,0.000004155000,   3.28000,
,,,0.000004156000,   3.30000,
,,,0.000004157000,   3.28000,
,,,0.000004158000,   3.30000,
,,,0.000004159000,   3.30000,
,,,0.000004160000,   3.30000,
,,,0.000004161000,   3.30000,
,,,0.000004162000,   3.30000,
,,,0.000004163000,   3.30000,
,,,0.000004164000,   3.28000,
,,,0.000004165000,   3.30000,
,,,0.000004166000,   3.30000,
,,,0.000004167000,   3.30000,
,,,0.000004168000,   3.26000,
,,,0.000004169000,   3.28000,
,,,0.000004170000,   3.26000,
,,,0.000004171000,   3.26000,
,,,0.000004172000,   3.30000,
,,,0.000004173000,   3.28000,
,,,0.000004174000,   3.28000,
,,,0.000004175000,   3.28000,
,,,0.000004176000,   3.30000,
,,,0.000004177000,   3.30000,
,,,0.000004178000,   3.30000,
,,,0.000004179000,   3.32000,
,,,0.000004180000,   3.30000,
,,,0.000004181000,   3.30000,
,,,0.000004182000,   3.26000,
,,,0.000004183000,   3.30000,
,,,0.000004184000,   3.30000,
,,,0.000004185000,   3.28000,
,,,0.000004186000,   3.30000,
,,,0.000004187000,   3.30000,
,,,0.000004188000,   3.30000,
,,,0.000004189000,   3.28000,
,,,0.000004190000,   3.28000,
,,,0.000004191000,   3.32000,
,,,0.000004192000,   3.28000,
,,,0.000004193000,   3.28000,
,,,0.000004194000,   3.30000,
,,,0.000004195000,   3.30000,
,,,0.000004196000,   3.30000,
,,,0.000004197000,   3.28000,
,,,0.000004198000,   3.28000,
,,,0.000004199000,   3.30000,
,,,0.000004200000,   3.26000,
,,,0.000004201000,   3.28000,
,,,0.000004202000,   3.28000,
,,,0.000004203000,   3.28000,
,,,0.000004204000,   3.26000,
,,,0.000004205000,   3.30000,
,,,0.000004206000,   3.28000,
,,,0.000004207000,   3.30000,
,,,0.000004208000,   3.30000,
,,,0.000004209000,   3.28000,
,,,0.000004210000,   3.26000,
,,,0.000004211000,   3.28000,
,,,0.000004212000,   3.28000,
,,,0.000004213000,   3.30000,
,,,0.000004214000,   3.28000,
,,,0.000004215000,   3.28000,
,,,0.000004216000,   3.30000,
,,,0.000004217000,   3.30000,
,,,0.000004218000,   3.28000,
,,,0.000004219000,   3.32000,
,,,0.000004220000,   3.28000,
,,,0.000004221000,   3.28000,
,,,0.000004222000,   3.30000,
,,,0.000004223000,   3.30000,
,,,0.000004224000,   3.32000,
,,,0.000004225000,   3.32000,
,,,0.000004226000,   3.32000,
,,,0.000004227000,   3.30000,
,,,0.000004228000,   3.30000,
,,,0.000004229000,   3.32000,
,,,0.000004230000,   3.30000,
,,,0.000004231000,   3.28000,
,,,0.000004232000,   3.28000,
,,,0.000004233000,   3.26000,
,,,0.000004234000,   3.28000,
,,,0.000004235000,   3.26000,
,,,0.000004236000,   3.32000,
,,,0.000004237000,   3.28000,
,,,0.000004238000,   3.28000,
,,,0.000004239000,   3.30000,
,,,0.000004240000,   3.30000,
,,,0.000004241000,   3.32000,
,,,0.000004242000,   3.34000,
,,,0.000004243000,   3.28000,
,,,0.000004244000,   3.28000,
,,,0.000004245000,   3.28000,
,,,0.000004246000,   3.24000,
,,,0.000004247000,   3.28000,
,,,0.000004248000,   3.28000,
,,,0.000004249000,   3.30000,
,,,0.000004250000,   3.28000,
,,,0.000004251000,   3.28000,
,,,0.000004252000,   3.28000,
,,,0.000004253000,   3.28000,
,,,0.000004254000,   3.26000,
,,,0.000004255000,   3.26000,
,,,0.000004256000,   3.28000,
,,,0.000004257000,   3.30000,
,,,0.000004258000,   3.30000,
,,,0.000004259000,   3.28000,
,,,0.000004260000,   3.28000,
,,,0.000004261000,   3.28000,
,,,0.000004262000,   3.28000,
,,,0.000004263000,   3.28000,
,,,0.000004264000,   3.30000,
,,,0.000004265000,   3.28000,
,,,0.000004266000,   3.30000,
,,,0.000004267000,   3.32000,
,,,0.000004268000,   3.28000,
,,,0.000004269000,   3.30000,
,,,0.000004270000,   3.26000,
,,,0.000004271000,   3.28000,
,,,0.000004272000,   3.28000,
,,,0.000004273000,   3.30000,
,,,0.000004274000,   3.26000,
,,,0.000004275000,   3.30000,
,,,0.000004276000,   3.28000,
,,,0.000004277000,   3.30000,
,,,0.000004278000,   3.32000,
,,,0.000004279000,   3.30000,
,,,0.000004280000,   3.32000,
,,,0.000004281000,   3.28000,
,,,0.000004282000,   3.28000,
,,,0.000004283000,   3.30000,
,,,0.000004284000,   3.28000,
,,,0.000004285000,   3.28000,
,,,0.000004286000,   3.28000,
,,,0.000004287000,   3.30000,
,,,0.000004288000,   3.30000,
,,,0.000004289000,   3.30000,
,,,0.000004290000,   3.32000,
,,,0.000004291000,   3.30000,
,,,0.000004292000,   3.30000,
,,,0.000004293000,   3.28000,
,,,0.000004294000,   3.32000,
,,,0.000004295000,   3.28000,
,,,0.000004296000,   3.28000,
,,,0.000004297000,   3.28000,
,,,0.000004298000,   3.28000,
,,,0.000004299000,   3.30000,
,,,0.000004300000,   3.28000,
,,,0.000004301000,   3.28000,
,,,0.000004302000,   3.28000,
,,,0.000004303000,   3.26000,
,,,0.000004304000,   3.28000,
,,,0.000004305000,   3.28000,
,,,0.000004306000,   3.30000,
,,,0.000004307000,   3.30000,
,,,0.000004308000,   3.30000,
,,,0.000004309000,   3.26000,
,,,0.000004310000,   3.30000,
,,,0.000004311000,   3.28000,
,,,0.000004312000,   3.30000,
,,,0.000004313000,   3.26000,
,,,0.000004314000,   3.28000,
,,,0.000004315000,   3.26000,
,,,0.000004316000,   3.28000,
,,,0.000004317000,   3.28000,
,,,0.000004318000,   3.30000,
,,,0.000004319000,   3.26000,
,,,0.000004320000,   3.26000,
,,,0.000004321000,   3.26000,
,,,0.000004322000,   3.28000,
,,,0.000004323000,   3.30000,
,,,0.000004324000,   3.30000,
,,,0.000004325000,   3.28000,
,,,0.000004326000,   3.28000,
,,,0.000004327000,   3.28000,
,,,0.000004328000,   3.28000,
,,,0.000004329000,   3.30000,
,,,0.000004330000,   3.28000,
,,,0.000004331000,   3.28000,
,,,0.000004332000,   3.28000,
,,,0.000004333000,   3.28000,
,,,0.000004334000,   3.30000,
,,,0.000004335000,   3.30000,
,,,0.000004336000,   3.28000,
,,,0.000004337000,   3.24000,
,,,0.000004338000,   3.28000,
,,,0.000004339000,   3.28000,
,,,0.000004340000,   3.30000,
,,,0.000004341000,   3.30000,
,,,0.000004342000,   3.30000,
,,,0.000004343000,   3.30000,
,,,0.000004344000,   3.30000,
,,,0.000004345000,   3.30000,
,,,0.000004346000,   3.28000,
,,,0.000004347000,   3.28000,
,,,0.000004348000,   3.30000,
,,,0.000004349000,   3.30000,
,,,0.000004350000,   3.26000,
,,,0.000004351000,   3.28000,
,,,0.000004352000,   3.28000,
,,,0.000004353000,   3.26000,
,,,0.000004354000,   3.28000,
,,,0.000004355000,   3.30000,
,,,0.000004356000,   3.28000,
,,,0.000004357000,   3.30000,
,,,0.000004358000,   3.28000,
,,,0.000004359000,   3.26000,
,,,0.000004360000,   3.28000,
,,,0.000004361000,   3.30000,
,,,0.000004362000,   3.26000,
,,,0.000004363000,   3.28000,
,,,0.000004364000,   3.30000,
,,,0.000004365000,   3.28000,
,,,0.000004366000,   3.30000,
,,,0.000004367000,   3.32000,
,,,0.000004368000,   3.28000,
,,,0.000004369000,   3.30000,
,,,0.000004370000,   3.30000,
,,,0.000004371000,   3.30000,
,,,0.000004372000,   3.30000,
,,,0.000004373000,   3.28000,
,,,0.000004374000,   3.28000,
,,,0.000004375000,   3.28000,
,,,0.000004376000,   3.30000,
,,,0.000004377000,   3.28000,
,,,0.000004378000,   3.28000,
,,,0.000004379000,   3.28000,
,,,0.000004380000,   3.26000,
,,,0.000004381000,   3.28000,
,,,0.000004382000,   3.30000,
,,,0.000004383000,   3.30000,
,,,0.000004384000,   3.30000,
,,,0.000004385000,   3.30000,
,,,0.000004386000,   3.30000,
,,,0.000004387000,   3.28000,
,,,0.000004388000,   3.28000,
,,,0.000004389000,   3.26000,
,,,0.000004390000,   3.28000,
,,,0.000004391000,   3.26000,
,,,0.000004392000,   3.30000,
,,,0.000004393000,   3.30000,
,,,0.000004394000,   3.30000,
,,,0.000004395000,   3.30000,
,,,0.000004396000,   3.28000,
,,,0.000004397000,   3.26000,
,,,0.000004398000,   3.28000,
,,,0.000004399000,   3.28000,
,,,0.000004400000,   3.28000,
,,,0.000004401000,   3.26000,
,,,0.000004402000,   3.26000,
,,,0.000004403000,   3.28000,
,,,0.000004404000,   3.30000,
,,,0.000004405000,   3.28000,
,,,0.000004406000,   3.28000,
,,,0.000004407000,   3.28000,
,,,0.000004408000,   3.30000,
,,,0.000004409000,   3.28000,
,,,0.000004410000,   3.30000,
,,,0.000004411000,   3.28000,
,,,0.000004412000,   3.28000,
,,,0.000004413000,   3.28000,
,,,0.000004414000,   3.28000,
,,,0.000004415000,   3.30000,
,,,0.000004416000,   3.30000,
,,,0.000004417000,   3.28000,
,,,0.000004418000,   3.26000,
,,,0.000004419000,   3.26000,
,,,0.000004420000,   3.26000,
,,,0.000004421000,   3.30000,
,,,0.000004422000,   3.28000,
,,,0.000004423000,   3.32000,
,,,0.000004424000,   3.30000,
,,,0.000004425000,   3.30000,
,,,0.000004426000,   3.30000,
,,,0.000004427000,   3.28000,
,,,0.000004428000,   3.28000,
,,,0.000004429000,   3.28000,
,,,0.000004430000,   3.28000,
,,,0.000004431000,   3.30000,
,,,0.000004432000,   3.30000,
,,,0.000004433000,   3.30000,
,,,0.000004434000,   3.30000,
,,,0.000004435000,   3.28000,
,,,0.000004436000,   3.28000,
,,,0.000004437000,   3.30000,
,,,0.000004438000,   3.28000,
,,,0.000004439000,   3.28000,
,,,0.000004440000,   3.30000,
,,,0.000004441000,   3.30000,
,,,0.000004442000,   3.30000,
,,,0.000004443000,   3.32000,
,,,0.000004444000,   3.30000,
,,,0.000004445000,   3.30000,
,,,0.000004446000,   3.30000,
,,,0.000004447000,   3.30000,
,,,0.000004448000,   3.28000,
,,,0.000004449000,   3.26000,
,,,0.000004450000,   3.30000,
,,,0.000004451000,   3.28000,
,,,0.000004452000,   3.28000,
,,,0.000004453000,   3.28000,
,,,0.000004454000,   3.28000,
,,,0.000004455000,   3.28000,
,,,0.000004456000,   3.28000,
,,,0.000004457000,   3.26000,
,,,0.000004458000,   3.28000,
,,,0.000004459000,   3.30000,
,,,0.000004460000,   3.32000,
,,,0.000004461000,   3.26000,
,,,0.000004462000,   3.28000,
,,,0.000004463000,   3.32000,
,,,0.000004464000,   3.28000,
,,,0.000004465000,   3.28000,
,,,0.000004466000,   3.30000,
,,,0.000004467000,   3.28000,
,,,0.000004468000,   3.28000,
,,,0.000004469000,   3.30000,
,,,0.000004470000,   3.28000,
,,,0.000004471000,   3.28000,
,,,0.000004472000,   3.28000,
,,,0.000004473000,   3.30000,
,,,0.000004474000,   3.30000,
,,,0.000004475000,   3.28000,
,,,0.000004476000,   3.32000,
,,,0.000004477000,   3.32000,
,,,0.000004478000,   3.30000,
,,,0.000004479000,   3.28000,
,,,0.000004480000,   3.30000,
,,,0.000004481000,   3.30000,
,,,0.000004482000,   3.28000,
,,,0.000004483000,   3.30000,
,,,0.000004484000,   3.30000,
,,,0.000004485000,   3.26000,
,,,0.000004486000,   3.28000,
,,,0.000004487000,   3.30000,
,,,0.000004488000,   3.28000,
,,,0.000004489000,   3.28000,
,,,0.000004490000,   3.28000,
,,,0.000004491000,   3.26000,
,,,0.000004492000,   3.28000,
,,,0.000004493000,   3.30000,
,,,0.000004494000,   3.28000,
,,,0.000004495000,   3.28000,
,,,0.000004496000,   3.26000,
,,,0.000004497000,   3.28000,
,,,0.000004498000,   3.28000,
,,,0.000004499000,   3.28000,
,,,0.000004500000,   3.28000,
,,,0.000004501000,   3.28000,
,,,0.000004502000,   3.28000,
,,,0.000004503000,   3.26000,
,,,0.000004504000,   3.26000,
,,,0.000004505000,   3.28000,
,,,0.000004506000,   3.30000,
,,,0.000004507000,   3.28000,
,,,0.000004508000,   3.28000,
,,,0.000004509000,   3.30000,
,,,0.000004510000,   3.30000,
,,,0.000004511000,   3.30000,
,,,0.000004512000,   3.28000,
,,,0.000004513000,   3.28000,
,,,0.000004514000,   3.28000,
,,,0.000004515000,   3.28000,
,,,0.000004516000,   3.32000,
,,,0.000004517000,   3.28000,
,,,0.000004518000,   3.28000,
,,,0.000004519000,   3.30000,
,,,0.000004520000,   3.30000,
,,,0.000004521000,   3.28000,
,,,0.000004522000,   3.32000,
,,,0.000004523000,   3.28000,
,,,0.000004524000,   3.28000,
,,,0.000004525000,   3.30000,
,,,0.000004526000,   3.28000,
,,,0.000004527000,   3.30000,
,,,0.000004528000,   3.30000,
,,,0.000004529000,   3.30000,
,,,0.000004530000,   3.32000,
,,,0.000004531000,   3.28000,
,,,0.000004532000,   3.28000,
,,,0.000004533000,   3.30000,
,,,0.000004534000,   3.30000,
,,,0.000004535000,   3.28000,
,,,0.000004536000,   3.30000,
,,,0.000004537000,   3.28000,
,,,0.000004538000,   3.32000,
,,,0.000004539000,   3.30000,
,,,0.000004540000,   3.30000,
,,,0.000004541000,   3.30000,
,,,0.000004542000,   3.30000,
,,,0.000004543000,   3.26000,
,,,0.000004544000,   3.32000,
,,,0.000004545000,   3.28000,
,,,0.000004546000,   3.28000,
,,,0.000004547000,   3.30000,
,,,0.000004548000,   3.30000,
,,,0.000004549000,   3.32000,
,,,0.000004550000,   3.28000,
,,,0.000004551000,   3.30000,
,,,0.000004552000,   3.28000,
,,,0.000004553000,   3.28000,
,,,0.000004554000,   3.26000,
,,,0.000004555000,   3.28000,
,,,0.000004556000,   3.28000,
,,,0.000004557000,   3.26000,
,,,0.000004558000,   3.30000,
,,,0.000004559000,   3.30000,
,,,0.000004560000,   3.28000,
,,,0.000004561000,   3.28000,
,,,0.000004562000,   3.32000,
,,,0.000004563000,   3.30000,
,,,0.000004564000,   3.28000,
,,,0.000004565000,   3.28000,
,,,0.000004566000,   3.28000,
,,,0.000004567000,   3.28000,
,,,0.000004568000,   3.28000,
,,,0.000004569000,   3.28000,
,,,0.000004570000,   3.28000,
,,,0.000004571000,   3.30000,
,,,0.000004572000,   3.30000,
,,,0.000004573000,   3.30000,
,,,0.000004574000,   3.30000,
,,,0.000004575000,   3.30000,
,,,0.000004576000,   3.28000,
,,,0.000004577000,   3.30000,
,,,0.000004578000,   3.28000,
,,,0.000004579000,   3.26000,
,,,0.000004580000,   3.28000,
,,,0.000004581000,   3.30000,
,,,0.000004582000,   3.28000,
,,,0.000004583000,   3.26000,
,,,0.000004584000,   3.30000,
,,,0.000004585000,   3.28000,
,,,0.000004586000,   3.30000,
,,,0.000004587000,   3.32000,
,,,0.000004588000,   3.30000,
,,,0.000004589000,   3.30000,
,,,0.000004590000,   3.30000,
,,,0.000004591000,   3.30000,
,,,0.000004592000,   3.32000,
,,,0.000004593000,   3.32000,
,,,0.000004594000,   3.30000,
,,,0.000004595000,   3.30000,
,,,0.000004596000,   3.28000,
,,,0.000004597000,   3.30000,
,,,0.000004598000,   3.30000,
,,,0.000004599000,   3.28000,
,,,0.000004600000,   3.28000,
,,,0.000004601000,   3.26000,
,,,0.000004602000,   3.28000,
,,,0.000004603000,   3.28000,
,,,0.000004604000,   3.28000,
,,,0.000004605000,   3.26000,
,,,0.000004606000,   3.30000,
,,,0.000004607000,   3.28000,
,,,0.000004608000,   3.28000,
,,,0.000004609000,   3.28000,
,,,0.000004610000,   3.30000,
,,,0.000004611000,   3.28000,
,,,0.000004612000,   3.28000,
,,,0.000004613000,   3.30000,
,,,0.000004614000,   3.28000,
,,,0.000004615000,   3.32000,
,,,0.000004616000,   3.28000,
,,,0.000004617000,   3.28000,
,,,0.000004618000,   3.28000,
,,,0.000004619000,   3.28000,
,,,0.000004620000,   3.28000,
,,,0.000004621000,   3.30000,
,,,0.000004622000,   3.30000,
,,,0.000004623000,   3.28000,
,,,0.000004624000,   3.28000,
,,,0.000004625000,   3.30000,
,,,0.000004626000,   3.30000,
,,,0.000004627000,   3.28000,
,,,0.000004628000,   3.28000,
,,,0.000004629000,   3.28000,
,,,0.000004630000,   3.30000,
,,,0.000004631000,   3.28000,
,,,0.000004632000,   3.28000,
,,,0.000004633000,   3.28000,
,,,0.000004634000,   3.28000,
,,,0.000004635000,   3.30000,
,,,0.000004636000,   3.28000,
,,,0.000004637000,   3.32000,
,,,0.000004638000,   3.32000,
,,,0.000004639000,   3.26000,
,,,0.000004640000,   3.30000,
,,,0.000004641000,   3.30000,
,,,0.000004642000,   3.28000,
,,,0.000004643000,   3.28000,
,,,0.000004644000,   3.28000,
,,,0.000004645000,   3.30000,
,,,0.000004646000,   3.30000,
,,,0.000004647000,   3.30000,
,,,0.000004648000,   3.28000,
,,,0.000004649000,   3.28000,
,,,0.000004650000,   3.30000,
,,,0.000004651000,   3.28000,
,,,0.000004652000,   3.30000,
,,,0.000004653000,   3.28000,
,,,0.000004654000,   3.30000,
,,,0.000004655000,   3.30000,
,,,0.000004656000,   3.28000,
,,,0.000004657000,   3.30000,
,,,0.000004658000,   3.30000,
,,,0.000004659000,   3.26000,
,,,0.000004660000,   3.30000,
,,,0.000004661000,   3.30000,
,,,0.000004662000,   3.28000,
,,,0.000004663000,   3.28000,
,,,0.000004664000,   3.28000,
,,,0.000004665000,   3.28000,
,,,0.000004666000,   3.28000,
,,,0.000004667000,   3.28000,
,,,0.000004668000,   3.28000,
,,,0.000004669000,   3.26000,
,,,0.000004670000,   3.28000,
,,,0.000004671000,   3.30000,
,,,0.000004672000,   3.30000,
,,,0.000004673000,   3.32000,
,,,0.000004674000,   3.32000,
,,,0.000004675000,   3.30000,
,,,0.000004676000,   3.30000,
,,,0.000004677000,   3.28000,
,,,0.000004678000,   3.28000,
,,,0.000004679000,   3.28000,
,,,0.000004680000,   3.30000,
,,,0.000004681000,   3.28000,
,,,0.000004682000,   3.28000,
,,,0.000004683000,   3.30000,
,,,0.000004684000,   3.28000,
,,,0.000004685000,   3.30000,
,,,0.000004686000,   3.28000,
,,,0.000004687000,   3.32000,
,,,0.000004688000,   3.32000,
,,,0.000004689000,   3.30000,
,,,0.000004690000,   3.28000,
,,,0.000004691000,   3.28000,
,,,0.000004692000,   3.28000,
,,,0.000004693000,   3.30000,
,,,0.000004694000,   3.28000,
,,,0.000004695000,   3.30000,
,,,0.000004696000,   3.28000,
,,,0.000004697000,   3.28000,
,,,0.000004698000,   3.30000,
,,,0.000004699000,   3.28000,
,,,0.000004700000,   3.30000,
,,,0.000004701000,   3.32000,
,,,0.000004702000,   3.30000,
,,,0.000004703000,   3.28000,
,,,0.000004704000,   3.30000,
,,,0.000004705000,   3.28000,
,,,0.000004706000,   3.30000,
,,,0.000004707000,   3.30000,
,,,0.000004708000,   3.30000,
,,,0.000004709000,   3.32000,
,,,0.000004710000,   3.28000,
,,,0.000004711000,   3.30000,
,,,0.000004712000,   3.30000,
,,,0.000004713000,   3.30000,
,,,0.000004714000,   3.30000,
,,,0.000004715000,   3.28000,
,,,0.000004716000,   3.28000,
,,,0.000004717000,   3.28000,
,,,0.000004718000,   3.30000,
,,,0.000004719000,   3.30000,
,,,0.000004720000,   3.28000,
,,,0.000004721000,   3.28000,
,,,0.000004722000,   3.28000,
,,,0.000004723000,   3.30000,
,,,0.000004724000,   3.30000,
,,,0.000004725000,   3.30000,
,,,0.000004726000,   3.28000,
,,,0.000004727000,   3.30000,
,,,0.000004728000,   3.30000,
,,,0.000004729000,   3.32000,
,,,0.000004730000,   3.28000,
,,,0.000004731000,   3.30000,
,,,0.000004732000,   3.30000,
,,,0.000004733000,   3.28000,
,,,0.000004734000,   3.30000,
,,,0.000004735000,   3.30000,
,,,0.000004736000,   3.34000,
,,,0.000004737000,   3.32000,
,,,0.000004738000,   3.30000,
,,,0.000004739000,   3.30000,
,,,0.000004740000,   3.30000,
,,,0.000004741000,   3.28000,
,,,0.000004742000,   3.30000,
,,,0.000004743000,   3.28000,
,,,0.000004744000,   3.26000,
,,,0.000004745000,   3.30000,
,,,0.000004746000,   3.28000,
,,,0.000004747000,   3.28000,
,,,0.000004748000,   3.30000,
,,,0.000004749000,   3.30000,
,,,0.000004750000,   3.30000,
,,,0.000004751000,   3.30000,
,,,0.000004752000,   3.28000,
,,,0.000004753000,   3.30000,
,,,0.000004754000,   3.30000,
,,,0.000004755000,   3.28000,
,,,0.000004756000,   3.30000,
,,,0.000004757000,   3.30000,
,,,0.000004758000,   3.28000,
,,,0.000004759000,   3.28000,
,,,0.000004760000,   3.30000,
,,,0.000004761000,   3.28000,
,,,0.000004762000,   3.26000,
,,,0.000004763000,   3.28000,
,,,0.000004764000,   3.30000,
,,,0.000004765000,   3.26000,
,,,0.000004766000,   3.30000,
,,,0.000004767000,   3.30000,
,,,0.000004768000,   3.30000,
,,,0.000004769000,   3.28000,
,,,0.000004770000,   3.28000,
,,,0.000004771000,   3.28000,
,,,0.000004772000,   3.30000,
,,,0.000004773000,   3.32000,
,,,0.000004774000,   3.28000,
,,,0.000004775000,   3.30000,
,,,0.000004776000,   3.28000,
,,,0.000004777000,   3.28000,
,,,0.000004778000,   3.28000,
,,,0.000004779000,   3.30000,
,,,0.000004780000,   3.30000,
,,,0.000004781000,   3.30000,
,,,0.000004782000,   3.28000,
,,,0.000004783000,   3.30000,
,,,0.000004784000,   3.30000,
,,,0.000004785000,   3.30000,
,,,0.000004786000,   3.32000,
,,,0.000004787000,   3.28000,
,,,0.000004788000,   3.30000,
,,,0.000004789000,   3.30000,
,,,0.000004790000,   3.28000,
,,,0.000004791000,   3.30000,
,,,0.000004792000,   3.28000,
,,,0.000004793000,   3.28000,
,,,0.000004794000,   3.28000,
,,,0.000004795000,   3.28000,
,,,0.000004796000,   3.30000,
,,,0.000004797000,   3.28000,
,,,0.000004798000,   3.26000,
,,,0.000004799000,   3.30000,
,,,0.000004800000,   3.32000,
,,,0.000004801000,   3.28000,
,,,0.000004802000,   3.30000,
,,,0.000004803000,   3.30000,
,,,0.000004804000,   3.28000,
,,,0.000004805000,   3.30000,
,,,0.000004806000,   3.30000,
,,,0.000004807000,   3.30000,
,,,0.000004808000,   3.28000,
,,,0.000004809000,   3.30000,
,,,0.000004810000,   3.30000,
,,,0.000004811000,   3.30000,
,,,0.000004812000,   3.30000,
,,,0.000004813000,   3.32000,
,,,0.000004814000,   3.28000,
,,,0.000004815000,   3.30000,
,,,0.000004816000,   3.26000,
,,,0.000004817000,   3.28000,
,,,0.000004818000,   3.28000,
,,,0.000004819000,   3.32000,
,,,0.000004820000,   3.30000,
,,,0.000004821000,   3.28000,
,,,0.000004822000,   3.30000,
,,,0.000004823000,   3.30000,
,,,0.000004824000,   3.30000,
,,,0.000004825000,   3.28000,
,,,0.000004826000,   3.28000,
,,,0.000004827000,   3.28000,
,,,0.000004828000,   3.30000,
,,,0.000004829000,   3.28000,
,,,0.000004830000,   3.30000,
,,,0.000004831000,   3.28000,
,,,0.000004832000,   3.28000,
,,,0.000004833000,   3.30000,
,,,0.000004834000,   3.28000,
,,,0.000004835000,   3.30000,
,,,0.000004836000,   3.30000,
,,,0.000004837000,   3.28000,
,,,0.000004838000,   3.30000,
,,,0.000004839000,   3.28000,
,,,0.000004840000,   3.30000,
,,,0.000004841000,   3.30000,
,,,0.000004842000,   3.28000,
,,,0.000004843000,   3.30000,
,,,0.000004844000,   3.28000,
,,,0.000004845000,   3.30000,
,,,0.000004846000,   3.28000,
,,,0.000004847000,   3.28000,
,,,0.000004848000,   3.28000,
,,,0.000004849000,   3.28000,
,,,0.000004850000,   3.28000,
,,,0.000004851000,   3.28000,
,,,0.000004852000,   3.30000,
,,,0.000004853000,   3.30000,
,,,0.000004854000,   3.28000,
,,,0.000004855000,   3.30000,
,,,0.000004856000,   3.28000,
,,,0.000004857000,   3.28000,
,,,0.000004858000,   3.28000,
,,,0.000004859000,   3.30000,
,,,0.000004860000,   3.28000,
,,,0.000004861000,   3.28000,
,,,0.000004862000,   3.28000,
,,,0.000004863000,   3.28000,
,,,0.000004864000,   3.28000,
,,,0.000004865000,   3.30000,
,,,0.000004866000,   3.30000,
,,,0.000004867000,   3.30000,
,,,0.000004868000,   3.30000,
,,,0.000004869000,   3.30000,
,,,0.000004870000,   3.30000,
,,,0.000004871000,   3.28000,
,,,0.000004872000,   3.34000,
,,,0.000004873000,   3.30000,
,,,0.000004874000,   3.30000,
,,,0.000004875000,   3.28000,
,,,0.000004876000,   3.30000,
,,,0.000004877000,   3.30000,
,,,0.000004878000,   3.28000,
,,,0.000004879000,   3.26000,
,,,0.000004880000,   3.28000,
,,,0.000004881000,   3.30000,
,,,0.000004882000,   3.26000,
,,,0.000004883000,   3.30000,
,,,0.000004884000,   3.30000,
,,,0.000004885000,   3.28000,
,,,0.000004886000,   3.30000,
,,,0.000004887000,   3.30000,
,,,0.000004888000,   3.30000,
,,,0.000004889000,   3.30000,
,,,0.000004890000,   3.28000,
,,,0.000004891000,   3.30000,
,,,0.000004892000,   3.28000,
,,,0.000004893000,   3.28000,
,,,0.000004894000,   3.28000,
,,,0.000004895000,   3.28000,
,,,0.000004896000,   3.28000,
,,,0.000004897000,   3.26000,
,,,0.000004898000,   3.28000,
,,,0.000004899000,   3.28000,
,,,0.000004900000,   3.26000,
,,,0.000004901000,   3.28000,
,,,0.000004902000,   3.28000,
,,,0.000004903000,   3.26000,
,,,0.000004904000,   3.30000,
,,,0.000004905000,   3.30000,
,,,0.000004906000,   3.30000,
,,,0.000004907000,   3.30000,
,,,0.000004908000,   3.28000,
,,,0.000004909000,   3.30000,
,,,0.000004910000,   3.28000,
,,,0.000004911000,   3.30000,
,,,0.000004912000,   3.30000,
,,,0.000004913000,   3.26000,
,,,0.000004914000,   3.30000,
,,,0.000004915000,   3.28000,
,,,0.000004916000,   3.28000,
,,,0.000004917000,   3.30000,
,,,0.000004918000,   3.28000,
,,,0.000004919000,   3.30000,
,,,0.000004920000,   3.28000,
,,,0.000004921000,   3.30000,
,,,0.000004922000,   3.30000,
,,,0.000004923000,   3.28000,
,,,0.000004924000,   3.28000,
,,,0.000004925000,   3.28000,
,,,0.000004926000,   3.28000,
,,,0.000004927000,   3.28000,
,,,0.000004928000,   3.28000,
,,,0.000004929000,   3.30000,
,,,0.000004930000,   3.30000,
,,,0.000004931000,   3.30000,
,,,0.000004932000,   3.30000,
,,,0.000004933000,   3.30000,
,,,0.000004934000,   3.32000,
,,,0.000004935000,   3.30000,
,,,0.000004936000,   3.28000,
,,,0.000004937000,   3.28000,
,,,0.000004938000,   3.28000,
,,,0.000004939000,   3.26000,
,,,0.000004940000,   3.28000,
,,,0.000004941000,   3.26000,
,,,0.000004942000,   3.28000,
,,,0.000004943000,   3.28000,
,,,0.000004944000,   3.28000,
,,,0.000004945000,   3.28000,
,,,0.000004946000,   3.28000,
,,,0.000004947000,   3.30000,
,,,0.000004948000,   3.28000,
,,,0.000004949000,   3.28000,
,,,0.000004950000,   3.30000,
,,,0.000004951000,   3.30000,
,,,0.000004952000,   3.28000,
,,,0.000004953000,   3.26000,
,,,0.000004954000,   3.30000,
,,,0.000004955000,   3.28000,
,,,0.000004956000,   3.26000,
,,,0.000004957000,   3.28000,
,,,0.000004958000,   3.30000,
,,,0.000004959000,   3.28000,
,,,0.000004960000,   3.26000,
,,,0.000004961000,   3.30000,
,,,0.000004962000,   3.28000,
,,,0.000004963000,   3.28000,
,,,0.000004964000,   3.30000,
,,,0.000004965000,   3.28000,
,,,0.000004966000,   3.30000,
,,,0.000004967000,   3.28000,
,,,0.000004968000,   3.32000,
,,,0.000004969000,   3.30000,
,,,0.000004970000,   3.28000,
,,,0.000004971000,   3.32000,
,,,0.000004972000,   3.30000,
,,,0.000004973000,   3.30000,
,,,0.000004974000,   3.28000,
,,,0.000004975000,   3.26000,
,,,0.000004976000,   3.30000,
,,,0.000004977000,   3.26000,
,,,0.000004978000,   3.28000,
,,,0.000004979000,   3.26000,
,,,0.000004980000,   3.28000,
,,,0.000004981000,   3.28000,
,,,0.000004982000,   3.26000,
,,,0.000004983000,   3.28000,
,,,0.000004984000,   3.30000,
,,,0.000004985000,   3.28000,
,,,0.000004986000,   3.26000,
,,,0.000004987000,   3.30000,
,,,0.000004988000,   3.30000,
,,,0.000004989000,   3.22000,
,,,0.000004990000,   3.10000,
,,,0.000004991000,   2.96000,
,,,0.000004992000,   2.80000,
,,,0.000004993000,   2.62000,
,,,0.000004994000,   2.42000,
,,,0.000004995000,   2.26000,
,,,0.000004996000,   2.12000,
,,,0.000004997000,   2.04000,
,,,0.000004998000,   1.94000,
,,,0.000004999000,   1.88000,
,,,0.000005000000,   1.84000,
,,,0.000005001000,   1.78000,
,,,0.000005002000,   1.72000,
,,,0.000005003000,   1.64000,
,,,0.000005004000,   1.58000,
,,,0.000005005000,   1.50000,
,,,0.000005006000,   1.40000,
,,,0.000005007000,   1.34000,
,,,0.000005008000,   1.28000,
,,,0.000005009000,   1.20000,
,,,0.000005010000,   1.16000,
,,,0.000005011000,   1.12000,
,,,0.000005012000,   1.08000,
,,,0.000005013000,   1.04000,
,,,0.000005014000,   1.00000,
,,,0.000005015000,   0.94000,
,,,0.000005016000,   0.90000,
,,,0.000005017000,   0.84000,
,,,0.000005018000,   0.78000,
,,,0.000005019000,   0.76000,
,,,0.000005020000,   0.74000,
,,,0.000005021000,   0.70000,
,,,0.000005022000,   0.70000,
,,,0.000005023000,   0.70000,
,,,0.000005024000,   0.62000,
,,,0.000005025000,   0.62000,
,,,0.000005026000,   0.58000,
,,,0.000005027000,   0.54000,
,,,0.000005028000,   0.54000,
,,,0.000005029000,   0.50000,
,,,0.000005030000,   0.46000,
,,,0.000005031000,   0.48000,
,,,0.000005032000,   0.46000,
,,,0.000005033000,   0.44000,
,,,0.000005034000,   0.44000,
,,,0.000005035000,   0.38000,
,,,0.000005036000,   0.36000,
,,,0.000005037000,   0.32000,
,,,0.000005038000,   0.30000,
,,,0.000005039000,   0.34000,
,,,0.000005040000,   0.30000,
,,,0.000005041000,   0.28000,
,,,0.000005042000,   0.26000,
,,,0.000005043000,   0.28000,
,,,0.000005044000,   0.26000,
,,,0.000005045000,   0.28000,
,,,0.000005046000,   0.28000,
,,,0.000005047000,   0.24000,
,,,0.000005048000,   0.22000,
,,,0.000005049000,   0.22000,
,,,0.000005050000,   0.20000,
,,,0.000005051000,   0.20000,
,,,0.000005052000,   0.18000,
,,,0.000005053000,   0.14000,
,,,0.000005054000,   0.18000,
,,,0.000005055000,   0.20000,
,,,0.000005056000,   0.20000,
,,,0.000005057000,   0.20000,
,,,0.000005058000,   0.20000,
,,,0.000005059000,   0.16000,
,,,0.000005060000,   0.18000,
,,,0.000005061000,   0.18000,
,,,0.000005062000,   0.16000,
,,,0.000005063000,   0.14000,
,,,0.000005064000,   0.14000,
,,,0.000005065000,   0.14000,
,,,0.000005066000,   0.14000,
,,,0.000005067000,   0.10000,
,,,0.000005068000,   0.14000,
,,,0.000005069000,   0.14000,
,,,0.000005070000,   0.12000,
,,,0.000005071000,   0.06000,
,,,0.000005072000,   0.08000,
,,,0.000005073000,   0.08000,
,,,0.000005074000,   0.06000,
,,,0.000005075000,   0.06000,
,,,0.000005076000,   0.10000,
,,,0.000005077000,   0.12000,
,,,0.000005078000,   0.10000,
,,,0.000005079000,   0.06000,
,,,0.000005080000,   0.08000,
,,,0.000005081000,   0.06000,
,,,0.000005082000,   0.06000,
,,,0.000005083000,   0.06000,
,,,0.000005084000,   0.08000,
,,,0.000005085000,   0.06000,
,,,0.000005086000,   0.06000,
,,,0.000005087000,   0.04000,
,,,0.000005088000,   0.10000,
,,,0.000005089000,   0.08000,
,,,0.000005090000,   0.06000,
,,,0.000005091000,   0.06000,
,,,0.000005092000,   0.08000,
,,,0.000005093000,   0.06000,
,,,0.000005094000,   0.06000,
,,,0.000005095000,   0.08000,
,,,0.000005096000,   0.08000,
,,,0.000005097000,   0.08000,
,,,0.000005098000,   0.10000,
,,,0.000005099000,   0.06000,
,,,0.000005100000,   0.06000,
,,,0.000005101000,   0.04000,
,,,0.000005102000,   0.08000,
,,,0.000005103000,   0.06000,
,,,0.000005104000,   0.04000,
,,,0.000005105000,   0.06000,
,,,0.000005106000,   0.06000,
,,,0.000005107000,   0.06000,
,,,0.000005108000,   0.06000,
,,,0.000005109000,   0.06000,
,,,0.000005110000,   0.04000,
,,,0.000005111000,   0.04000,
,,,0.000005112000,   0.06000,
,,,0.000005113000,   0.04000,
,,,0.000005114000,   0.06000,
,,,0.000005115000,   0.04000,
,,,0.000005116000,   0.06000,
,,,0.000005117000,   0.02000,
,,,0.000005118000,   0.06000,
,,,0.000005119000,   0.04000,
,,,0.000005120000,   0.06000,
,,,0.000005121000,   0.08000,
,,,0.000005122000,   0.08000,
,,,0.000005123000,   0.04000,
,,,0.000005124000,   0.04000,
,,,0.000005125000,   0.00000,
,,,0.000005126000,   0.04000,
,,,0.000005127000,   0.06000,
,,,0.000005128000,   0.06000,
,,,0.000005129000,   0.06000,
,,,0.000005130000,   0.06000,
,,,0.000005131000,   0.04000,
,,,0.000005132000,   0.02000,
,,,0.000005133000,   0.02000,
,,,0.000005134000,   0.02000,
,,,0.000005135000,   0.04000,
,,,0.000005136000,   0.00000,
,,,0.000005137000,   0.04000,
,,,0.000005138000,   0.06000,
,,,0.000005139000,   0.06000,
,,,0.000005140000,   0.04000,
,,,0.000005141000,   0.02000,
,,,0.000005142000,   0.06000,
,,,0.000005143000,   0.04000,
,,,0.000005144000,   0.06000,
,,,0.000005145000,   0.06000,
,,,0.000005146000,   0.06000,
,,,0.000005147000,   0.04000,
,,,0.000005148000,   0.04000,
,,,0.000005149000,   0.02000,
,,,0.000005150000,   0.06000,
,,,0.000005151000,   0.06000,
,,,0.000005152000,   0.04000,
,,,0.000005153000,   0.04000,
,,,0.000005154000,   0.06000,
,,,0.000005155000,   0.06000,
,,,0.000005156000,   0.04000,
,,,0.000005157000,   0.04000,
,,,0.000005158000,   0.04000,
,,,0.000005159000,   0.06000,
,,,0.000005160000,   0.06000,
,,,0.000005161000,   0.04000,
,,,0.000005162000,   0.02000,
,,,0.000005163000,   0.02000,
,,,0.000005164000,   0.04000,
,,,0.000005165000,   0.06000,
,,,0.000005166000,   0.04000,
,,,0.000005167000,   0.02000,
,,,0.000005168000,   0.02000,
,,,0.000005169000,   0.04000,
,,,0.000005170000,   0.02000,
,,,0.000005171000,   0.06000,
,,,0.000005172000,   0.06000,
,,,0.000005173000,   0.02000,
,,,0.000005174000,   0.04000,
,,,0.000005175000,   0.04000,
,,,0.000005176000,   0.04000,
,,,0.000005177000,   0.04000,
,,,0.000005178000,   0.02000,
,,,0.000005179000,   0.06000,
,,,0.000005180000,   0.04000,
,,,0.000005181000,   0.04000,
,,,0.000005182000,   0.02000,
,,,0.000005183000,   0.02000,
,,,0.000005184000,   0.04000,
,,,0.000005185000,   0.04000,
,,,0.000005186000,   0.02000,
,,,0.000005187000,   0.06000,
,,,0.000005188000,   0.06000,
,,,0.000005189000,   0.02000,
,,,0.000005190000,   0.04000,
,,,0.000005191000,   0.06000,
,,,0.000005192000,   0.04000,
,,,0.000005193000,   0.04000,
,,,0.000005194000,   0.06000,
,,,0.000005195000,   0.04000,
,,,0.000005196000,   0.04000,
,,,0.000005197000,   0.00000,
,,,0.000005198000,   0.02000,
,,,0.000005199000,   0.04000,
,,,0.000005200000,   0.02000,
,,,0.000005201000,   0.04000,
,,,0.000005202000,   0.04000,
,,,0.000005203000,   0.00000,
,,,0.000005204000,   0.06000,
,,,0.000005205000,   0.04000,
,,,0.000005206000,   0.04000,
,,,0.000005207000,   0.02000,
,,,0.000005208000,   0.02000,
,,,0.000005209000,   0.02000,
,,,0.000005210000,   0.04000,
,,,0.000005211000,   0.06000,
,,,0.000005212000,   0.00000,
,,,0.000005213000,   0.04000,
,,,0.000005214000,   0.04000,
,,,0.000005215000,   0.02000,
,,,0.000005216000,   0.02000,
,,,0.000005217000,   0.04000,
,,,0.000005218000,   0.04000,
,,,0.000005219000,   0.00000,
,,,0.000005220000,   0.06000,
,,,0.000005221000,   0.04000,
,,,0.000005222000,   0.02000,
,,,0.000005223000,   0.04000,
,,,0.000005224000,   0.02000,
,,,0.000005225000,   0.04000,
,,,0.000005226000,   0.06000,
,,,0.000005227000,   0.06000,
,,,0.000005228000,   0.04000,
,,,0.000005229000,   0.06000,
,,,0.000005230000,   0.06000,
,,,0.000005231000,   0.02000,
,,,0.000005232000,   0.02000,
,,,0.000005233000,   0.02000,
,,,0.000005234000,   0.02000,
,,,0.000005235000,   0.02000,
,,,0.000005236000,   0.02000,
,,,0.000005237000,   0.06000,
,,,0.000005238000,   0.06000,
,,,0.000005239000,   0.04000,
,,,0.000005240000,   0.04000,
,,,0.000005241000,   0.04000,
,,,0.000005242000,   0.02000,
,,,0.000005243000,   0.02000,
,,,0.000005244000,   0.00000,
,,,0.000005245000,   0.06000,
,,,0.000005246000,   0.02000,
,,,0.000005247000,   0.02000,
,,,0.000005248000,   0.04000,
,,,0.000005249000,   0.04000,
,,,0.000005250000,   0.04000,
,,,0.000005251000,   0.00000,
,,,0.000005252000,   0.02000,
,,,0.000005253000,   0.04000,
,,,0.000005254000,   0.06000,
,,,0.000005255000,   0.06000,
,,,0.000005256000,   0.06000,
,,,0.000005257000,   0.04000,
,,,0.000005258000,   0.06000,
,,,0.000005259000,   0.06000,
,,,0.000005260000,   0.06000,
,,,0.000005261000,   0.00000,
,,,0.000005262000,   0.04000,
,,,0.000005263000,   0.04000,
,,,0.000005264000,   0.04000,
,,,0.000005265000,   0.04000,
,,,0.000005266000,   0.04000,
,,,0.000005267000,   0.02000,
,,,0.000005268000,   0.06000,
,,,0.000005269000,   0.04000,
,,,0.000005270000,   0.08000,
,,,0.000005271000,   0.04000,
,,,0.000005272000,   0.02000,
,,,0.000005273000,   0.02000,
,,,0.000005274000,   0.04000,
,,,0.000005275000,   0.04000,
,,,0.000005276000,   0.04000,
,,,0.000005277000,   0.04000,
,,,0.000005278000,   0.08000,
,,,0.000005279000,   0.06000,
,,,0.000005280000,   0.02000,
,,,0.000005281000,   0.02000,
,,,0.000005282000,   0.02000,
,,,0.000005283000,   0.00000,
,,,0.000005284000,   0.02000,
,,,0.000005285000,   0.02000,
,,,0.000005286000,   0.06000,
,,,0.000005287000,   0.06000,
,,,0.000005288000,   0.06000,
,,,0.000005289000,   0.04000,
